Lead id,Job title,Company,Industry,Location,Company size,Campaign,Channel,Contacted at,Accepted,Replied,Reply label
lead_0001,VP Sales,Company 01,Software Development,"Paris, Île-de-France, France",1001-5000,Q2 — SaaS founders FR/UK,LINKEDIN,2026-05-27,no,,
lead_0002,Account Executive,Company 02,Software Development,"Madrid, Spain",1-10,Q2 — SaaS founders FR/UK,LINKEDIN,2026-07-03,yes,,
lead_0003,Marketing Manager,Company 03,Software Development,"Lyon, France",11-50,Q2 — SaaS founders FR/UK,LINKEDIN,2026-05-19,no,yes,Interested
lead_0004,Founder & CEO,Company 04,Software Development,"Lyon, France",1-10,Q2 — SaaS founders FR/UK,LINKEDIN,2026-06-18,no,yes,Not interested
lead_0005,CMO,Company 05,IT Services and IT Consulting,"Paris, Île-de-France, France",501-1000,Q2 — SaaS founders FR/UK,LINKEDIN,2026-07-07,no,,
lead_0006,Head of Sales,Company 06,Manufacturing,"Austin, Texas, United States",51-200,Q2 — SaaS founders FR/UK,LINKEDIN,2026-06-26,yes,,
lead_0007,Head of Growth,Company 07,"Technology, Information and Internet","Lisbon, Portugal",51-200,Q2 — SaaS founders FR/UK,LINKEDIN,2026-06-20,no,yes,Not now
lead_0008,SDR,Company 08,"Technology, Information and Internet","London, England, United Kingdom",1001-5000,Q2 — SaaS founders FR/UK,LINKEDIN,2026-07-19,no,,
lead_0009,Sales Manager,Company 09,Financial Services,"Lisbon, Portugal",501-1000,Q2 — SaaS founders FR/UK,LINKEDIN,2026-05-27,yes,,
lead_0010,CMO,Company 10,IT Services and IT Consulting,"Lyon, France",1001-5000,Q2 — SaaS founders FR/UK,LINKEDIN,2026-08-27,yes,,
lead_0011,Chief Revenue Officer,Company 11,"Technology, Information and Internet","Lyon, France",11-50,Q2 — SaaS founders FR/UK,LINKEDIN,2026-05-16,yes,,
lead_0012,Marketing Manager,Company 12,"Technology, Information and Internet","London, England, United Kingdom",201-500,Q2 — SaaS founders FR/UK,LINKEDIN,2026-06-15,yes,,
lead_0013,Marketing Manager,Company 13,Retail,"Madrid, Spain",51-200,Q2 — SaaS founders FR/UK,LINKEDIN,2026-06-22,no,,
lead_0014,COO,Company 14,Software Development,"New York, United States",1001-5000,Q2 — SaaS founders FR/UK,LINKEDIN,2026-05-16,no,yes,Interested
lead_0015,Head of Sales,Company 15,Financial Services,"Berlin, Germany",51-200,Q2 — SaaS founders FR/UK,LINKEDIN,2026-08-28,no,,
lead_0016,Directrice Marketing,Company 16,Retail,"Toronto, Canada",1001-5000,Q2 — SaaS founders FR/UK,LINKEDIN,2026-07-13,yes,,
lead_0017,Chief Growth Officer,Company 17,Software Development,"Lisbon, Portugal",11-50,Q2 — SaaS founders FR/UK,LINKEDIN,2026-06-04,yes,yes,Interested
lead_0018,CMO,Company 18,"Technology, Information and Internet","London, England, United Kingdom",1-10,Q2 — SaaS founders FR/UK,LINKEDIN,2026-06-20,yes,,
lead_0019,Sales Director,Company 19,"Technology, Information and Internet","Lisbon, Portugal",1-10,Q2 — SaaS founders FR/UK,LINKEDIN,2026-07-16,no,yes,Meeting booked
lead_0020,Head of Sales,Company 20,IT Services and IT Consulting,"Paris, Île-de-France, France",501-1000,Q2 — SaaS founders FR/UK,LINKEDIN,2026-06-17,yes,,
lead_0021,Marketing Manager,Company 21,Software Development,"London, England, United Kingdom",1001-5000,Q2 — SaaS founders FR/UK,LINKEDIN,2026-08-28,yes,,
lead_0022,VP Marketing,Company 22,Software Development,"Toronto, Canada",501-1000,Q2 — SaaS founders FR/UK,LINKEDIN,2026-06-21,yes,,
lead_0023,Sales Manager,Company 23,Marketing Services,"New York, United States",1001-5000,Q2 — SaaS founders FR/UK,LINKEDIN,2026-06-17,no,,
lead_0024,Partnerships Manager,Company 24,"Technology, Information and Internet","Lyon, France",11-50,Q2 — SaaS founders FR/UK,LINKEDIN,2026-06-15,no,,
lead_0025,GTM Engineer,Company 25,"Technology, Information and Internet","London, England, United Kingdom",11-50,Q2 — SaaS founders FR/UK,LINKEDIN,2026-06-16,yes,,
lead_0026,Account Executive,Company 26,Financial Services,"Lisbon, Portugal",1-10,Q2 — SaaS founders FR/UK,LINKEDIN,2026-08-12,no,,
lead_0027,Business Developer,Company 27,Marketing Services,"Lisbon, Portugal",11-50,Q2 — SaaS founders FR/UK,LINKEDIN,2026-06-14,no,,
lead_0028,Directrice Marketing,Company 28,IT Services and IT Consulting,"Berlin, Germany",1-10,Q2 — SaaS founders FR/UK,LINKEDIN,2026-06-05,yes,,
lead_0029,Sales Manager,Company 29,Software Development,"Lisbon, Portugal",501-1000,Q2 — SaaS founders FR/UK,LINKEDIN,2026-08-12,yes,,
lead_0030,Chief Revenue Officer,Company 30,Business Consulting and Services,"London, England, United Kingdom",1001-5000,Q2 — SaaS founders FR/UK,LINKEDIN,2026-07-24,no,,
lead_0031,Partnerships Manager,Company 31,Software Development,"New York, United States",51-200,Q2 — SaaS founders FR/UK,LINKEDIN,2026-06-17,yes,,
lead_0032,Directrice Marketing,Company 32,Marketing Services,"Amsterdam, Netherlands",1-10,Q2 — SaaS founders FR/UK,LINKEDIN,2026-07-22,no,,
lead_0033,Marketing Manager,Company 33,Retail,"Toronto, Canada",11-50,Q2 — SaaS founders FR/UK,LINKEDIN,2026-06-17,no,,
lead_0034,Head of RevOps,Company 34,Marketing Services,"Berlin, Germany",11-50,Q2 — SaaS founders FR/UK,LINKEDIN,2026-06-16,no,yes,Interested
lead_0035,Head of RevOps,Company 35,"Technology, Information and Internet","Toronto, Canada",1-10,Q2 — SaaS founders FR/UK,LINKEDIN,2026-05-08,yes,yes,Meeting booked
lead_0036,Chief Revenue Officer,Company 36,Manufacturing,"Lisbon, Portugal",1-10,Q2 — SaaS founders FR/UK,LINKEDIN,2026-06-20,no,,
lead_0037,Partnerships Manager,Company 37,"Technology, Information and Internet","Lisbon, Portugal",501-1000,Q2 — SaaS founders FR/UK,LINKEDIN,2026-07-08,no,,
lead_0038,Account Executive,Company 38,Manufacturing,"Lisbon, Portugal",11-50,Q2 — SaaS founders FR/UK,LINKEDIN,2026-06-14,yes,,
lead_0039,Partnerships Manager,Company 39,"Technology, Information and Internet","Austin, Texas, United States",11-50,Q2 — SaaS founders FR/UK,LINKEDIN,2026-05-25,yes,,
lead_0040,Chief Revenue Officer,Company 40,Retail,"New York, United States",201-500,Q2 — SaaS founders FR/UK,LINKEDIN,2026-08-04,yes,,
lead_0041,CMO,Company 41,"Technology, Information and Internet","Madrid, Spain",501-1000,Q2 — SaaS founders FR/UK,LINKEDIN,2026-06-14,yes,,
lead_0042,CEO,Company 42,"Technology, Information and Internet","Paris, Île-de-France, France",201-500,Q2 — SaaS founders FR/UK,LINKEDIN,2026-07-11,no,,
lead_0043,Chief Revenue Officer,Company 43,Manufacturing,"London, England, United Kingdom",11-50,Q2 — SaaS founders FR/UK,LINKEDIN,2026-05-09,yes,,
lead_0044,Managing Partner,Company 44,Software Development,"Austin, Texas, United States",201-500,Q2 — SaaS founders FR/UK,LINKEDIN,2026-07-05,no,,
lead_0045,Sales Manager,Company 45,Software Development,"Berlin, Germany",1-10,Q2 — SaaS founders FR/UK,LINKEDIN,2026-07-03,yes,yes,Meeting booked
lead_0046,Sales Director,Company 46,Software Development,"London, England, United Kingdom",51-200,Q2 — SaaS founders FR/UK,LINKEDIN,2026-07-01,yes,,
lead_0047,Partnerships Manager,Company 47,Software Development,"New York, United States",1001-5000,Q2 — SaaS founders FR/UK,LINKEDIN,2026-05-06,yes,,
lead_0048,Sales Manager,Company 48,"Technology, Information and Internet","Austin, Texas, United States",11-50,Q2 — SaaS founders FR/UK,LINKEDIN,2026-07-17,no,,
lead_0049,Business Developer,Company 49,Software Development,"Toronto, Canada",1-10,Q2 — SaaS founders FR/UK,LINKEDIN,2026-07-07,no,,
lead_0050,CMO,Company 50,Marketing Services,"Lisbon, Portugal",201-500,Q2 — SaaS founders FR/UK,LINKEDIN,2026-07-27,no,,
lead_0051,Partnerships Manager,Company 51,Business Consulting and Services,"New York, United States",51-200,Q2 — SaaS founders FR/UK,LINKEDIN,2026-08-24,no,,
lead_0052,Account Executive,Company 52,Marketing Services,"London, England, United Kingdom",1-10,Q2 — SaaS founders FR/UK,LINKEDIN,2026-08-24,no,,
lead_0053,COO,Company 53,Marketing Services,"Austin, Texas, United States",501-1000,Q2 — SaaS founders FR/UK,LINKEDIN,2026-07-08,no,yes,Meeting booked
lead_0054,Chief Revenue Officer,Company 54,"Technology, Information and Internet","Toronto, Canada",51-200,Q2 — SaaS founders FR/UK,LINKEDIN,2026-06-08,yes,,
lead_0055,VP Sales,Company 55,Software Development,"London, England, United Kingdom",201-500,Q2 — SaaS founders FR/UK,LINKEDIN,2026-07-09,no,,
lead_0056,Chief Revenue Officer,Company 56,Marketing Services,"Madrid, Spain",11-50,Q2 — SaaS founders FR/UK,LINKEDIN,2026-07-02,yes,,
lead_0057,Chief Revenue Officer,Company 57,Business Consulting and Services,"Lyon, France",11-50,Q2 — SaaS founders FR/UK,LINKEDIN,2026-07-25,yes,,
lead_0058,Co-Founder & CEO,Company 58,Financial Services,"Paris, Île-de-France, France",11-50,Q2 — SaaS founders FR/UK,LINKEDIN,2026-08-17,no,,
lead_0059,Growth Marketer,Company 59,IT Services and IT Consulting,"Paris, Île-de-France, France",501-1000,Q2 — SaaS founders FR/UK,LINKEDIN,2026-08-19,no,,
lead_0060,CEO,Company 60,Software Development,"Amsterdam, Netherlands",1001-5000,Q2 — SaaS founders FR/UK,LINKEDIN,2026-05-13,no,,
lead_0061,Responsable Commercial,Company 61,IT Services and IT Consulting,"Austin, Texas, United States",201-500,Q2 — SaaS founders FR/UK,LINKEDIN,2026-05-15,no,,
lead_0062,SDR,Company 62,Software Development,"London, England, United Kingdom",501-1000,Q2 — SaaS founders FR/UK,LINKEDIN,2026-08-24,no,,
lead_0063,Founder & CEO,Company 63,Marketing Services,"Lisbon, Portugal",11-50,Q2 — SaaS founders FR/UK,LINKEDIN,2026-07-28,yes,,
lead_0064,Partnerships Manager,Company 64,Financial Services,"New York, United States",1001-5000,Q2 — SaaS founders FR/UK,LINKEDIN,2026-05-20,yes,,
lead_0065,Partnerships Manager,Company 65,Software Development,"Paris, Île-de-France, France",201-500,Q2 — SaaS founders FR/UK,LINKEDIN,2026-07-09,no,yes,Meeting booked
lead_0066,SDR Manager,Company 66,Software Development,"Lisbon, Portugal",201-500,Q2 — SaaS founders FR/UK,LINKEDIN,2026-05-18,yes,,
lead_0067,Chief Revenue Officer,Company 67,"Technology, Information and Internet","Lisbon, Portugal",501-1000,Q2 — SaaS founders FR/UK,LINKEDIN,2026-06-13,yes,,
lead_0068,Chief Growth Officer,Company 68,Software Development,"Toronto, Canada",1001-5000,Q2 — SaaS founders FR/UK,LINKEDIN,2026-06-12,yes,,
lead_0069,Managing Partner,Company 69,Software Development,"New York, United States",51-200,Q2 — SaaS founders FR/UK,LINKEDIN,2026-07-16,yes,yes,Out of office
lead_0070,Founder,Company 70,Software Development,"Madrid, Spain",51-200,Q2 — SaaS founders FR/UK,LINKEDIN,2026-06-04,no,yes,Out of office
lead_0071,GTM Engineer,Company 71,Software Development,"Austin, Texas, United States",1-10,Q2 — SaaS founders FR/UK,LINKEDIN,2026-06-12,yes,,
lead_0072,Chief Revenue Officer,Company 72,Manufacturing,"Paris, Île-de-France, France",51-200,Q2 — SaaS founders FR/UK,LINKEDIN,2026-06-04,yes,,
lead_0073,Founder,Company 73,Software Development,"Amsterdam, Netherlands",501-1000,Q2 — SaaS founders FR/UK,LINKEDIN,2026-06-25,yes,,
lead_0074,SDR Manager,Company 74,Financial Services,"Toronto, Canada",501-1000,Q2 — SaaS founders FR/UK,LINKEDIN,2026-06-24,yes,,
lead_0075,Head of Growth,Company 75,IT Services and IT Consulting,"Austin, Texas, United States",1001-5000,Q2 — SaaS founders FR/UK,LINKEDIN,2026-07-02,no,,
lead_0076,Head of Growth,Company 76,"Technology, Information and Internet","Austin, Texas, United States",51-200,Q2 — SaaS founders FR/UK,LINKEDIN,2026-08-24,no,,
lead_0077,Co-Founder & CEO,Company 77,Financial Services,"London, England, United Kingdom",201-500,Q2 — SaaS founders FR/UK,LINKEDIN,2026-06-21,yes,yes,Out of office
lead_0078,Sales Director,Company 78,Software Development,"Madrid, Spain",201-500,Q2 — SaaS founders FR/UK,LINKEDIN,2026-06-18,yes,yes,Interested
lead_0079,Co-Founder & CEO,Company 79,Software Development,"New York, United States",501-1000,Q2 — SaaS founders FR/UK,LINKEDIN,2026-05-24,no,,
lead_0080,VP Marketing,Company 80,"Technology, Information and Internet","Lisbon, Portugal",1-10,Q2 — SaaS founders FR/UK,LINKEDIN,2026-06-19,no,yes,Interested
lead_0081,CEO,Company 81,Manufacturing,"Madrid, Spain",201-500,Q2 — SaaS founders FR/UK,LINKEDIN,2026-08-15,yes,,
lead_0082,Chief Growth Officer,Company 82,"Technology, Information and Internet","Lyon, France",201-500,Q2 — SaaS founders FR/UK,LINKEDIN,2026-07-01,yes,,
lead_0083,Account Executive,Company 83,Business Consulting and Services,"London, England, United Kingdom",11-50,Q2 — SaaS founders FR/UK,LINKEDIN,2026-06-05,yes,,
lead_0084,Account Executive,Company 84,IT Services and IT Consulting,"Lisbon, Portugal",1001-5000,Q2 — SaaS founders FR/UK,LINKEDIN,2026-05-18,no,yes,Interested
lead_0085,Sales Manager,Company 85,Software Development,"Austin, Texas, United States",11-50,Q2 — SaaS founders FR/UK,LINKEDIN,2026-07-21,yes,,
lead_0086,CEO,Company 86,"Technology, Information and Internet","New York, United States",501-1000,Q2 — SaaS founders FR/UK,LINKEDIN,2026-07-09,yes,,
lead_0087,Head of Growth,Company 87,Business Consulting and Services,"Amsterdam, Netherlands",51-200,Q2 — SaaS founders FR/UK,LINKEDIN,2026-08-27,no,,
lead_0088,Directrice Marketing,Company 88,Software Development,"Austin, Texas, United States",201-500,Q2 — SaaS founders FR/UK,LINKEDIN,2026-05-01,yes,,
lead_0089,COO,Company 89,Software Development,"Amsterdam, Netherlands",201-500,Q2 — SaaS founders FR/UK,LINKEDIN,2026-06-16,yes,,
lead_0090,VP Marketing,Company 90,"Technology, Information and Internet","Austin, Texas, United States",1-10,Q2 — SaaS founders FR/UK,LINKEDIN,2026-08-28,no,,
lead_0091,Managing Partner,Company 91,Marketing Services,"Lisbon, Portugal",11-50,Q2 — SaaS founders FR/UK,LINKEDIN,2026-06-09,no,,
lead_0092,Directrice Marketing,Company 92,Manufacturing,"Madrid, Spain",201-500,Q2 — SaaS founders FR/UK,LINKEDIN,2026-08-02,no,,
lead_0093,CMO,Company 93,Software Development,"Berlin, Germany",501-1000,Q2 — SaaS founders FR/UK,LINKEDIN,2026-07-02,no,yes,Interested
lead_0094,SDR Manager,Company 94,Business Consulting and Services,"Amsterdam, Netherlands",11-50,Q2 — SaaS founders FR/UK,LINKEDIN,2026-06-06,no,,
lead_0095,COO,Company 95,IT Services and IT Consulting,"Amsterdam, Netherlands",201-500,Q2 — SaaS founders FR/UK,LINKEDIN,2026-06-15,yes,yes,Meeting booked
lead_0096,Business Developer,Company 96,Software Development,"Madrid, Spain",11-50,Q2 — SaaS founders FR/UK,LINKEDIN,2026-06-25,no,,
lead_0097,COO,Company 00,IT Services and IT Consulting,"Amsterdam, Netherlands",11-50,Q2 — SaaS founders FR/UK,LINKEDIN,2026-07-15,yes,,
lead_0098,Chief Revenue Officer,Company 01,"Technology, Information and Internet","Madrid, Spain",1001-5000,Q2 — SaaS founders FR/UK,LINKEDIN,2026-05-13,yes,yes,Not now
lead_0099,Partnerships Manager,Company 02,Manufacturing,"Amsterdam, Netherlands",51-200,Q2 — SaaS founders FR/UK,LINKEDIN,2026-06-11,no,,
lead_0100,Sales Manager,Company 03,IT Services and IT Consulting,"Austin, Texas, United States",51-200,Q2 — SaaS founders FR/UK,LINKEDIN,2026-05-24,no,,
lead_0101,COO,Company 04,Software Development,"Lisbon, Portugal",201-500,Q2 — SaaS founders FR/UK,LINKEDIN,2026-07-26,yes,,
lead_0102,CMO,Company 05,"Technology, Information and Internet","Austin, Texas, United States",1-10,Q2 — SaaS founders FR/UK,LINKEDIN,2026-08-25,yes,yes,Out of office
lead_0103,Sales Manager,Company 06,Financial Services,"New York, United States",501-1000,Q2 — SaaS founders FR/UK,LINKEDIN,2026-07-25,yes,,
lead_0104,Directrice Marketing,Company 07,"Technology, Information and Internet","Madrid, Spain",11-50,Q2 — SaaS founders FR/UK,LINKEDIN,2026-05-03,yes,yes,Meeting booked
lead_0105,CEO,Company 08,Software Development,"Lyon, France",201-500,Q2 — SaaS founders FR/UK,LINKEDIN,2026-08-08,no,,
lead_0106,SDR Manager,Company 09,Software Development,"Lyon, France",51-200,Q2 — SaaS founders FR/UK,LINKEDIN,2026-06-12,yes,,
lead_0107,Co-Founder & CEO,Company 10,Software Development,"Austin, Texas, United States",11-50,Q2 — SaaS founders FR/UK,LINKEDIN,2026-07-07,yes,,
lead_0108,Head of Growth,Company 11,Software Development,"Lisbon, Portugal",1-10,Q2 — SaaS founders FR/UK,LINKEDIN,2026-05-04,yes,,
lead_0109,GTM Engineer,Company 12,Manufacturing,"Austin, Texas, United States",1-10,Q2 — SaaS founders FR/UK,LINKEDIN,2026-06-04,yes,,
lead_0110,Founder,Company 13,Software Development,"Berlin, Germany",501-1000,Q2 — SaaS founders FR/UK,LINKEDIN,2026-07-20,yes,,
lead_0111,CEO,Company 14,Financial Services,"Amsterdam, Netherlands",501-1000,Q2 — SaaS founders FR/UK,LINKEDIN,2026-06-02,yes,yes,Meeting booked
lead_0112,Sales Director,Company 15,IT Services and IT Consulting,"Paris, Île-de-France, France",11-50,Q2 — SaaS founders FR/UK,LINKEDIN,2026-06-14,no,,
lead_0113,Chief Growth Officer,Company 16,Software Development,"Toronto, Canada",201-500,Q2 — SaaS founders FR/UK,LINKEDIN,2026-07-03,yes,,
lead_0114,CMO,Company 17,"Technology, Information and Internet","Berlin, Germany",1001-5000,Q2 — SaaS founders FR/UK,LINKEDIN,2026-07-23,yes,,
lead_0115,SVP Revenue,Company 18,Software Development,"Lyon, France",1001-5000,Q2 — SaaS founders FR/UK,LINKEDIN,2026-06-14,yes,,
lead_0116,Sales Manager,Company 19,"Technology, Information and Internet","New York, United States",201-500,Q2 — SaaS founders FR/UK,LINKEDIN,2026-05-14,no,,
lead_0117,Vice President Growth,Company 20,Retail,"Berlin, Germany",201-500,Q2 — SaaS founders FR/UK,LINKEDIN,2026-06-01,yes,,
lead_0118,CEO,Company 21,Financial Services,"Toronto, Canada",51-200,Q2 — SaaS founders FR/UK,LINKEDIN,2026-06-05,yes,yes,Interested
lead_0119,Vice President Growth,Company 22,IT Services and IT Consulting,"Austin, Texas, United States",11-50,Q2 — SaaS founders FR/UK,LINKEDIN,2026-06-27,no,,
lead_0120,Co-Founder & CEO,Company 23,Financial Services,"Madrid, Spain",1001-5000,Q2 — SaaS founders FR/UK,LINKEDIN,2026-05-23,no,,
lead_0121,Responsable Commercial,Company 24,Retail,"Madrid, Spain",501-1000,Q2 — SaaS founders FR/UK,LINKEDIN,2026-07-28,yes,,
lead_0122,Founder,Company 25,"Technology, Information and Internet","Berlin, Germany",501-1000,Q2 — SaaS founders FR/UK,LINKEDIN,2026-07-12,yes,yes,Not interested
lead_0123,Business Developer,Company 26,Marketing Services,"Paris, Île-de-France, France",1001-5000,Q2 — SaaS founders FR/UK,LINKEDIN,2026-08-27,yes,,
lead_0124,Sales Director,Company 27,Financial Services,"Madrid, Spain",51-200,Q2 — SaaS founders FR/UK,LINKEDIN,2026-06-19,yes,,
lead_0125,Head of RevOps,Company 28,"Technology, Information and Internet","Paris, Île-de-France, France",1-10,Q2 — SaaS founders FR/UK,LINKEDIN,2026-07-16,no,,
lead_0126,Partnerships Manager,Company 29,"Technology, Information and Internet","Lisbon, Portugal",11-50,Q2 — SaaS founders FR/UK,LINKEDIN,2026-07-04,yes,,
lead_0127,CMO,Company 30,"Technology, Information and Internet","Paris, Île-de-France, France",501-1000,Q2 — SaaS founders FR/UK,LINKEDIN,2026-05-21,yes,,
lead_0128,Sales Manager,Company 31,"Technology, Information and Internet","Toronto, Canada",1-10,Q2 — SaaS founders FR/UK,LINKEDIN,2026-07-21,no,yes,Referral
lead_0129,Founder,Company 32,Business Consulting and Services,"Austin, Texas, United States",201-500,Q2 — SaaS founders FR/UK,LINKEDIN,2026-06-22,no,,
lead_0130,Marketing Manager,Company 33,Financial Services,"Berlin, Germany",51-200,Q2 — SaaS founders FR/UK,LINKEDIN,2026-06-20,yes,,
lead_0131,Founder & CEO,Company 34,Business Consulting and Services,"New York, United States",201-500,Q2 — SaaS founders FR/UK,LINKEDIN,2026-07-09,no,,
lead_0132,Chief Growth Officer,Company 35,Software Development,"Austin, Texas, United States",11-50,Q2 — SaaS founders FR/UK,LINKEDIN,2026-08-11,no,yes,Not interested
lead_0133,CMO,Company 36,Retail,"Toronto, Canada",201-500,Q2 — SaaS founders FR/UK,LINKEDIN,2026-07-19,no,,
lead_0134,SDR,Company 37,Financial Services,"Amsterdam, Netherlands",201-500,Q2 — SaaS founders FR/UK,LINKEDIN,2026-06-13,no,,
lead_0135,SVP Revenue,Company 38,Software Development,"Berlin, Germany",11-50,Q2 — SaaS founders FR/UK,LINKEDIN,2026-07-24,no,,
lead_0136,Founder & CEO,Company 39,Business Consulting and Services,"Amsterdam, Netherlands",501-1000,Q2 — SaaS founders FR/UK,LINKEDIN,2026-08-01,no,,
lead_0137,Head of Sales,Company 40,"Technology, Information and Internet","Amsterdam, Netherlands",501-1000,Q2 — SaaS founders FR/UK,LINKEDIN,2026-05-05,no,,
lead_0138,Chief Revenue Officer,Company 41,Software Development,"Austin, Texas, United States",51-200,Q2 — SaaS founders FR/UK,LINKEDIN,2026-05-17,yes,yes,Referral
lead_0139,Co-Founder & CEO,Company 42,Financial Services,"Berlin, Germany",201-500,Q2 — SaaS founders FR/UK,LINKEDIN,2026-06-01,no,,
lead_0140,Sales Director,Company 43,Software Development,"Austin, Texas, United States",11-50,Q2 — SaaS founders FR/UK,LINKEDIN,2026-07-26,yes,yes,Referral
lead_0141,Head of Sales,Company 44,Financial Services,"Toronto, Canada",501-1000,Q2 — SaaS founders FR/UK,LINKEDIN,2026-08-16,yes,,
lead_0142,Chief Revenue Officer,Company 45,Software Development,"New York, United States",11-50,Q2 — SaaS founders FR/UK,LINKEDIN,2026-06-02,no,yes,Not interested
lead_0143,SVP Revenue,Company 46,"Technology, Information and Internet","Toronto, Canada",1001-5000,Q2 — SaaS founders FR/UK,LINKEDIN,2026-08-21,yes,,
lead_0144,COO,Company 47,Financial Services,"Lisbon, Portugal",1001-5000,Q2 — SaaS founders FR/UK,LINKEDIN,2026-08-18,yes,,
lead_0145,CMO,Company 48,IT Services and IT Consulting,"New York, United States",11-50,Q2 — SaaS founders FR/UK,LINKEDIN,2026-05-09,yes,yes,Interested
lead_0146,Partnerships Manager,Company 49,Software Development,"Madrid, Spain",501-1000,Q2 — SaaS founders FR/UK,LINKEDIN,2026-08-26,no,,
lead_0147,Marketing Manager,Company 50,Business Consulting and Services,"London, England, United Kingdom",11-50,Q2 — SaaS founders FR/UK,LINKEDIN,2026-07-01,yes,,
lead_0148,GTM Engineer,Company 51,IT Services and IT Consulting,"New York, United States",51-200,Q2 — SaaS founders FR/UK,LINKEDIN,2026-07-11,no,,
lead_0149,Sales Director,Company 52,Marketing Services,"Paris, Île-de-France, France",1001-5000,Q2 — SaaS founders FR/UK,LINKEDIN,2026-05-14,no,,
lead_0150,Partnerships Manager,Company 53,"Technology, Information and Internet","London, England, United Kingdom",501-1000,Q2 — SaaS founders FR/UK,LINKEDIN,2026-07-06,yes,yes,Interested
lead_0151,Account Executive,Company 54,IT Services and IT Consulting,"Paris, Île-de-France, France",1-10,Q2 — SaaS founders FR/UK,LINKEDIN,2026-06-23,no,yes,Interested
lead_0152,Business Developer,Company 55,Marketing Services,"Toronto, Canada",11-50,Q2 — SaaS founders FR/UK,LINKEDIN,2026-08-03,no,,
lead_0153,CEO,Company 56,Software Development,"Paris, Île-de-France, France",1-10,Q2 — SaaS founders FR/UK,LINKEDIN,2026-05-28,no,,
lead_0154,Marketing Manager,Company 57,Financial Services,"Lisbon, Portugal",51-200,Q2 — SaaS founders FR/UK,LINKEDIN,2026-05-05,yes,,
lead_0155,Managing Partner,Company 58,"Technology, Information and Internet","Paris, Île-de-France, France",51-200,Q2 — SaaS founders FR/UK,LINKEDIN,2026-06-09,no,yes,Not now
lead_0156,Business Developer,Company 59,Financial Services,"Madrid, Spain",1-10,Q2 — SaaS founders FR/UK,LINKEDIN,2026-05-14,no,,
lead_0157,Responsable Commercial,Company 60,"Technology, Information and Internet","London, England, United Kingdom",11-50,Q2 — SaaS founders FR/UK,LINKEDIN,2026-07-27,yes,,
lead_0158,Co-Founder & CEO,Company 61,Marketing Services,"Paris, Île-de-France, France",1-10,Q2 — SaaS founders FR/UK,LINKEDIN,2026-06-16,yes,,
lead_0159,Growth Marketer,Company 62,Financial Services,"Austin, Texas, United States",501-1000,Q2 — SaaS founders FR/UK,LINKEDIN,2026-07-06,yes,,
lead_0160,Head of Sales,Company 63,Software Development,"London, England, United Kingdom",1001-5000,Q2 — SaaS founders FR/UK,LINKEDIN,2026-07-26,no,,
lead_0161,Partnerships Manager,Company 64,"Technology, Information and Internet","Madrid, Spain",201-500,Q2 — SaaS founders FR/UK,LINKEDIN,2026-08-03,yes,,
lead_0162,Managing Partner,Company 65,Software Development,"Toronto, Canada",501-1000,Q2 — SaaS founders FR/UK,LINKEDIN,2026-06-13,no,,
lead_0163,Chief Revenue Officer,Company 66,Financial Services,"Lyon, France",1001-5000,Q2 — SaaS founders FR/UK,LINKEDIN,2026-08-02,yes,,
lead_0164,GTM Engineer,Company 67,"Technology, Information and Internet","Amsterdam, Netherlands",501-1000,Q2 — SaaS founders FR/UK,LINKEDIN,2026-06-15,yes,,
lead_0165,Co-Founder & CEO,Company 68,"Technology, Information and Internet","New York, United States",1001-5000,Q2 — SaaS founders FR/UK,LINKEDIN,2026-07-07,yes,,
lead_0166,Marketing Manager,Company 69,Business Consulting and Services,"Amsterdam, Netherlands",1001-5000,Q2 — SaaS founders FR/UK,LINKEDIN,2026-07-17,yes,,
lead_0167,Founder & CEO,Company 70,Business Consulting and Services,"Berlin, Germany",1-10,Q2 — SaaS founders FR/UK,LINKEDIN,2026-08-04,yes,yes,Meeting booked
lead_0168,Head of Sales,Company 71,Software Development,"London, England, United Kingdom",1001-5000,Q2 — SaaS founders FR/UK,LINKEDIN,2026-06-07,no,,
lead_0169,Vice President Growth,Company 72,Marketing Services,"New York, United States",1001-5000,Q2 — SaaS founders FR/UK,LINKEDIN,2026-07-21,yes,yes,Interested
lead_0170,Chief Growth Officer,Company 73,Software Development,"Lyon, France",201-500,Q2 — SaaS founders FR/UK,LINKEDIN,2026-07-24,no,,
lead_0171,Account Executive,Company 74,IT Services and IT Consulting,"London, England, United Kingdom",1001-5000,Q2 — SaaS founders FR/UK,LINKEDIN,2026-07-14,yes,,
lead_0172,GTM Engineer,Company 75,Software Development,"Berlin, Germany",201-500,Q2 — SaaS founders FR/UK,LINKEDIN,2026-06-28,yes,,
lead_0173,Business Developer,Company 76,"Technology, Information and Internet","Berlin, Germany",1001-5000,Q2 — SaaS founders FR/UK,LINKEDIN,2026-08-11,no,,
lead_0174,Growth Marketer,Company 77,Software Development,"Toronto, Canada",51-200,Q2 — SaaS founders FR/UK,LINKEDIN,2026-06-06,no,,
lead_0175,Sales Director,Company 78,Software Development,"Lisbon, Portugal",501-1000,Q2 — SaaS founders FR/UK,LINKEDIN,2026-07-07,no,,
lead_0176,Head of Sales,Company 79,"Technology, Information and Internet","New York, United States",201-500,Q2 — SaaS founders FR/UK,LINKEDIN,2026-08-06,yes,,
lead_0177,Sales Manager,Company 80,Financial Services,"Paris, Île-de-France, France",1001-5000,Q2 — SaaS founders FR/UK,LINKEDIN,2026-06-09,yes,,
lead_0178,Vice President Growth,Company 81,"Technology, Information and Internet","Amsterdam, Netherlands",1001-5000,Q2 — SaaS founders FR/UK,LINKEDIN,2026-07-09,yes,,
lead_0179,Account Executive,Company 82,"Technology, Information and Internet","Madrid, Spain",11-50,Q2 — SaaS founders FR/UK,LINKEDIN,2026-07-07,yes,,
lead_0180,SDR Manager,Company 83,Financial Services,"Toronto, Canada",201-500,Q2 — SaaS founders FR/UK,LINKEDIN,2026-08-08,no,,
lead_0181,Directrice Marketing,Company 84,Software Development,"Berlin, Germany",501-1000,Q2 — SaaS founders FR/UK,LINKEDIN,2026-07-12,no,,
lead_0182,Partnerships Manager,Company 85,Business Consulting and Services,"Berlin, Germany",1001-5000,Q2 — SaaS founders FR/UK,LINKEDIN,2026-07-01,no,,
lead_0183,Founder & CEO,Company 86,Software Development,"Lisbon, Portugal",201-500,Q2 — SaaS founders FR/UK,LINKEDIN,2026-07-20,no,,
lead_0184,Chief Revenue Officer,Company 87,Software Development,"Paris, Île-de-France, France",201-500,Q2 — SaaS founders FR/UK,LINKEDIN,2026-05-27,no,,
lead_0185,Head of Sales,Company 88,"Technology, Information and Internet","Paris, Île-de-France, France",501-1000,Q2 — SaaS founders FR/UK,LINKEDIN,2026-08-01,yes,yes,Interested
lead_0186,Head of RevOps,Company 89,Retail,"Lisbon, Portugal",11-50,Q2 — SaaS founders FR/UK,LINKEDIN,2026-06-26,yes,,
lead_0187,Chief Revenue Officer,Company 90,Manufacturing,"London, England, United Kingdom",501-1000,Q2 — SaaS founders FR/UK,LINKEDIN,2026-08-18,no,,
lead_0188,Head of Growth,Company 91,Software Development,"Lisbon, Portugal",1-10,Q2 — SaaS founders FR/UK,LINKEDIN,2026-08-04,no,,
lead_0189,Marketing Manager,Company 92,"Technology, Information and Internet","Paris, Île-de-France, France",501-1000,Q2 — SaaS founders FR/UK,LINKEDIN,2026-07-15,no,,
lead_0190,Directrice Marketing,Company 93,"Technology, Information and Internet","Paris, Île-de-France, France",1001-5000,Q2 — SaaS founders FR/UK,LINKEDIN,2026-06-27,yes,,
lead_0191,Sales Manager,Company 94,Marketing Services,"Madrid, Spain",51-200,Q2 — SaaS founders FR/UK,LINKEDIN,2026-07-22,yes,,
lead_0192,Chief Revenue Officer,Company 95,Software Development,"Amsterdam, Netherlands",1001-5000,Q2 — SaaS founders FR/UK,LINKEDIN,2026-05-17,no,,
lead_0193,COO,Company 96,IT Services and IT Consulting,"Berlin, Germany",1001-5000,Q2 — SaaS founders FR/UK,LINKEDIN,2026-06-04,no,,
lead_0194,Partnerships Manager,Company 00,"Technology, Information and Internet","Austin, Texas, United States",11-50,Q2 — SaaS founders FR/UK,LINKEDIN,2026-07-11,yes,,
lead_0195,Co-Founder & CEO,Company 01,Marketing Services,"Amsterdam, Netherlands",201-500,Q2 — SaaS founders FR/UK,LINKEDIN,2026-07-09,no,,
lead_0196,Sales Manager,Company 02,Marketing Services,"New York, United States",51-200,Q2 — SaaS founders FR/UK,LINKEDIN,2026-06-23,yes,,
lead_0197,Sales Manager,Company 03,Software Development,"Toronto, Canada",1001-5000,Q2 — SaaS founders FR/UK,LINKEDIN,2026-07-18,no,,
lead_0198,Chief Growth Officer,Company 04,Software Development,"Lyon, France",201-500,Q2 — SaaS founders FR/UK,LINKEDIN,2026-08-02,no,,
lead_0199,Vice President Growth,Company 05,Software Development,"Lyon, France",1001-5000,Q2 — SaaS founders FR/UK,LINKEDIN,2026-08-03,yes,,
lead_0200,Sales Manager,Company 06,Software Development,"Berlin, Germany",1001-5000,Q2 — SaaS founders FR/UK,LINKEDIN,2026-05-14,no,,
lead_0201,Vice President Growth,Company 07,Marketing Services,"Toronto, Canada",51-200,Q2 — SaaS founders FR/UK,LINKEDIN,2026-08-09,no,yes,Interested
lead_0202,Directrice Marketing,Company 08,Financial Services,"Lisbon, Portugal",1-10,Q2 — SaaS founders FR/UK,LINKEDIN,2026-07-17,yes,,
lead_0203,Head of Growth,Company 09,Manufacturing,"London, England, United Kingdom",201-500,Q2 — SaaS founders FR/UK,LINKEDIN,2026-05-22,yes,,
lead_0204,Head of Sales,Company 10,"Technology, Information and Internet","London, England, United Kingdom",1-10,Q2 — SaaS founders FR/UK,LINKEDIN,2026-08-16,yes,,
lead_0205,Head of Sales,Company 11,Software Development,"London, England, United Kingdom",1001-5000,Q2 — SaaS founders FR/UK,LINKEDIN,2026-05-07,no,,
lead_0206,Co-Founder & CEO,Company 12,Financial Services,"Berlin, Germany",201-500,Q2 — SaaS founders FR/UK,LINKEDIN,2026-05-12,no,,
lead_0207,Partnerships Manager,Company 13,Software Development,"Toronto, Canada",1001-5000,Q2 — SaaS founders FR/UK,LINKEDIN,2026-08-16,no,,
lead_0208,GTM Engineer,Company 14,Software Development,"Paris, Île-de-France, France",1-10,Q2 — SaaS founders FR/UK,LINKEDIN,2026-05-01,no,,
lead_0209,CMO,Company 15,Software Development,"Lyon, France",1001-5000,Q2 — SaaS founders FR/UK,LINKEDIN,2026-06-28,no,,
lead_0210,SVP Revenue,Company 16,Financial Services,"Lisbon, Portugal",201-500,Q2 — SaaS founders FR/UK,LINKEDIN,2026-08-06,yes,,
lead_0211,GTM Engineer,Company 17,Software Development,"Lisbon, Portugal",201-500,Q2 — SaaS founders FR/UK,LINKEDIN,2026-07-25,no,,
lead_0212,VP Marketing,Company 18,Software Development,"Lyon, France",501-1000,Q2 — SaaS founders FR/UK,LINKEDIN,2026-06-28,no,,
lead_0213,Head of Growth,Company 19,Software Development,"New York, United States",201-500,Q2 — SaaS founders FR/UK,LINKEDIN,2026-07-13,no,,
lead_0214,Sales Manager,Company 20,Software Development,"Amsterdam, Netherlands",1-10,Q2 — SaaS founders FR/UK,LINKEDIN,2026-06-09,yes,,
lead_0215,Managing Partner,Company 21,Software Development,"Berlin, Germany",501-1000,Q2 — SaaS founders FR/UK,LINKEDIN,2026-06-28,no,,
lead_0216,VP Marketing,Company 22,Software Development,"Lisbon, Portugal",501-1000,Q2 — SaaS founders FR/UK,LINKEDIN,2026-07-07,no,,
lead_0217,Founder,Company 23,Software Development,"Lisbon, Portugal",201-500,Q2 — SaaS founders FR/UK,LINKEDIN,2026-08-07,no,,
lead_0218,Responsable Commercial,Company 24,"Technology, Information and Internet","Toronto, Canada",1-10,Q2 — SaaS founders FR/UK,LINKEDIN,2026-06-25,yes,,
lead_0219,Growth Marketer,Company 25,Retail,"Amsterdam, Netherlands",501-1000,Q2 — SaaS founders FR/UK,LINKEDIN,2026-07-17,no,,
lead_0220,Chief Revenue Officer,Company 26,Marketing Services,"Amsterdam, Netherlands",51-200,Q2 — SaaS founders FR/UK,LINKEDIN,2026-07-19,yes,,
lead_0221,Co-Founder & CEO,Company 27,Manufacturing,"Amsterdam, Netherlands",201-500,Q2 — SaaS founders FR/UK,LINKEDIN,2026-05-12,no,,
lead_0222,Managing Partner,Company 28,Software Development,"Toronto, Canada",51-200,Q2 — SaaS founders FR/UK,LINKEDIN,2026-07-01,yes,yes,Referral
lead_0223,Head of Growth,Company 29,Software Development,"Madrid, Spain",51-200,Q2 — SaaS founders FR/UK,LINKEDIN,2026-05-15,no,,
lead_0224,Managing Partner,Company 30,Software Development,"Berlin, Germany",11-50,Q2 — SaaS founders FR/UK,LINKEDIN,2026-07-03,yes,yes,Interested
lead_0225,Head of Sales,Company 31,Retail,"Lyon, France",1-10,Q2 — SaaS founders FR/UK,LINKEDIN,2026-08-13,no,,
lead_0226,Co-Founder & CEO,Company 32,Financial Services,"London, England, United Kingdom",1001-5000,Q2 — SaaS founders FR/UK,LINKEDIN,2026-08-17,yes,,
lead_0227,VP Sales,Company 33,Software Development,"New York, United States",1001-5000,Q2 — SaaS founders FR/UK,LINKEDIN,2026-06-02,no,,
lead_0228,Business Developer,Company 34,Manufacturing,"Austin, Texas, United States",1-10,Q2 — SaaS founders FR/UK,LINKEDIN,2026-07-23,no,,
lead_0229,CEO,Company 35,Software Development,"New York, United States",1-10,Q2 — SaaS founders FR/UK,LINKEDIN,2026-08-24,yes,,
lead_0230,Head of Growth,Company 36,"Technology, Information and Internet","London, England, United Kingdom",201-500,Q2 — SaaS founders FR/UK,LINKEDIN,2026-06-16,yes,,
lead_0231,GTM Engineer,Company 37,Manufacturing,"New York, United States",201-500,Q2 — SaaS founders FR/UK,LINKEDIN,2026-05-06,no,,
lead_0232,Business Developer,Company 38,Retail,"Lisbon, Portugal",11-50,Q2 — SaaS founders FR/UK,LINKEDIN,2026-05-13,no,,
lead_0233,Account Executive,Company 39,Software Development,"Lisbon, Portugal",11-50,Q2 — SaaS founders FR/UK,LINKEDIN,2026-05-21,yes,,
lead_0234,Founder & CEO,Company 40,"Technology, Information and Internet","Lisbon, Portugal",11-50,Q2 — SaaS founders FR/UK,LINKEDIN,2026-06-09,yes,yes,Interested
lead_0235,VP Marketing,Company 41,Software Development,"London, England, United Kingdom",201-500,Q2 — SaaS founders FR/UK,LINKEDIN,2026-06-15,no,yes,Not interested
lead_0236,Head of Growth,Company 42,Marketing Services,"Austin, Texas, United States",1-10,Q2 — SaaS founders FR/UK,LINKEDIN,2026-06-12,yes,,
lead_0237,Growth Marketer,Company 43,Software Development,"Madrid, Spain",51-200,Q2 — SaaS founders FR/UK,LINKEDIN,2026-06-02,no,,
lead_0238,GTM Engineer,Company 44,Software Development,"Amsterdam, Netherlands",501-1000,Q2 — SaaS founders FR/UK,LINKEDIN,2026-07-05,yes,,
lead_0239,Co-Founder & CEO,Company 45,"Technology, Information and Internet","Madrid, Spain",1-10,Q2 — SaaS founders FR/UK,LINKEDIN,2026-06-09,no,yes,Interested
lead_0240,Co-Founder & CEO,Company 46,Software Development,"Lyon, France",1-10,Q2 — SaaS founders FR/UK,LINKEDIN,2026-08-16,no,yes,Interested
lead_0241,Sales Director,Company 47,Software Development,"Toronto, Canada",1-10,Q2 — SaaS founders FR/UK,LINKEDIN,2026-07-27,no,yes,Not now
lead_0242,SDR,Company 48,Retail,"London, England, United Kingdom",201-500,Q2 — SaaS founders FR/UK,LINKEDIN,2026-05-14,no,,
lead_0243,Founder,Company 49,Financial Services,"Paris, Île-de-France, France",51-200,Q2 — SaaS founders FR/UK,LINKEDIN,2026-06-23,yes,,
lead_0244,SVP Revenue,Company 50,Manufacturing,"London, England, United Kingdom",501-1000,Q2 — SaaS founders FR/UK,LINKEDIN,2026-05-12,no,,
lead_0245,SDR Manager,Company 51,Retail,"Paris, Île-de-France, France",501-1000,Q2 — SaaS founders FR/UK,LINKEDIN,2026-06-28,yes,,
lead_0246,Head of Growth,Company 52,"Technology, Information and Internet","Berlin, Germany",501-1000,Q2 — SaaS founders FR/UK,LINKEDIN,2026-05-08,no,,
lead_0247,CMO,Company 53,Software Development,"Paris, Île-de-France, France",501-1000,Q2 — SaaS founders FR/UK,LINKEDIN,2026-05-04,no,,
lead_0248,CEO,Company 54,Financial Services,"Lisbon, Portugal",501-1000,Q2 — SaaS founders FR/UK,LINKEDIN,2026-07-08,no,yes,Not interested
lead_0249,Co-Founder & CEO,Company 55,"Technology, Information and Internet","Toronto, Canada",501-1000,Q2 — SaaS founders FR/UK,LINKEDIN,2026-06-04,yes,,
lead_0250,Head of Sales,Company 56,Software Development,"Berlin, Germany",11-50,Q2 — SaaS founders FR/UK,LINKEDIN,2026-08-19,no,,
lead_0251,Account Executive,Company 57,"Technology, Information and Internet","Lyon, France",201-500,Q2 — SaaS founders FR/UK,LINKEDIN,2026-07-17,yes,,
lead_0252,Partnerships Manager,Company 58,"Technology, Information and Internet","Amsterdam, Netherlands",11-50,Q2 — SaaS founders FR/UK,LINKEDIN,2026-08-14,no,,
lead_0253,Marketing Manager,Company 59,Retail,"Amsterdam, Netherlands",1-10,Q2 — SaaS founders FR/UK,LINKEDIN,2026-07-05,no,,
lead_0254,Growth Marketer,Company 60,IT Services and IT Consulting,"Amsterdam, Netherlands",1-10,Q2 — SaaS founders FR/UK,LINKEDIN,2026-05-17,yes,,
lead_0255,Head of Sales,Company 61,Software Development,"Madrid, Spain",11-50,Q2 — SaaS founders FR/UK,LINKEDIN,2026-07-25,no,,
lead_0256,Partnerships Manager,Company 62,Retail,"Paris, Île-de-France, France",1-10,Q2 — SaaS founders FR/UK,LINKEDIN,2026-08-20,yes,,
lead_0257,Partnerships Manager,Company 63,Marketing Services,"Lyon, France",1-10,Q2 — SaaS founders FR/UK,LINKEDIN,2026-05-09,yes,yes,Interested
lead_0258,CMO,Company 64,"Technology, Information and Internet","London, England, United Kingdom",11-50,Q2 — SaaS founders FR/UK,LINKEDIN,2026-05-20,no,,
lead_0259,COO,Company 65,Financial Services,"Lisbon, Portugal",11-50,Q2 — SaaS founders FR/UK,LINKEDIN,2026-05-17,yes,,
lead_0260,Head of RevOps,Company 66,Software Development,"London, England, United Kingdom",1001-5000,Q2 — SaaS founders FR/UK,LINKEDIN,2026-08-18,yes,,
lead_0261,Founder & CEO,Company 67,IT Services and IT Consulting,"Toronto, Canada",11-50,Q2 — RevOps EU (email),EMAIL,2026-08-12,,,
lead_0262,Head of RevOps,Company 68,IT Services and IT Consulting,"Paris, Île-de-France, France",51-200,Q2 — RevOps EU (email),EMAIL,2026-06-11,,,
lead_0263,Head of Growth,Company 69,Marketing Services,"Paris, Île-de-France, France",201-500,Q2 — RevOps EU (email),EMAIL,2026-06-06,,,
lead_0264,VP Sales,Company 70,Financial Services,"Austin, Texas, United States",201-500,Q2 — RevOps EU (email),EMAIL,2026-06-07,,,
lead_0265,CMO,Company 71,Software Development,"Amsterdam, Netherlands",501-1000,Q2 — RevOps EU (email),EMAIL,2026-07-22,,yes,Meeting booked
lead_0266,SDR Manager,Company 72,Software Development,"New York, United States",501-1000,Q2 — RevOps EU (email),EMAIL,2026-08-24,,,
lead_0267,VP Sales,Company 73,Financial Services,"New York, United States",11-50,Q2 — RevOps EU (email),EMAIL,2026-07-20,,,
lead_0268,Responsable Commercial,Company 74,IT Services and IT Consulting,"Berlin, Germany",51-200,Q2 — RevOps EU (email),EMAIL,2026-07-28,,yes,Referral
lead_0269,Chief Growth Officer,Company 75,IT Services and IT Consulting,"Berlin, Germany",501-1000,Q2 — RevOps EU (email),EMAIL,2026-07-28,,,
lead_0270,Sales Director,Company 76,IT Services and IT Consulting,"Lisbon, Portugal",201-500,Q2 — RevOps EU (email),EMAIL,2026-06-24,,,
lead_0271,Vice President Growth,Company 77,Marketing Services,"Madrid, Spain",501-1000,Q2 — RevOps EU (email),EMAIL,2026-08-11,,yes,Out of office
lead_0272,Head of RevOps,Company 78,"Technology, Information and Internet","Austin, Texas, United States",501-1000,Q2 — RevOps EU (email),EMAIL,2026-06-14,,,
lead_0273,Founder,Company 79,Financial Services,"Lyon, France",51-200,Q2 — RevOps EU (email),EMAIL,2026-06-11,,yes,Interested
lead_0274,Chief Growth Officer,Company 80,Marketing Services,"Austin, Texas, United States",201-500,Q2 — RevOps EU (email),EMAIL,2026-07-25,,,
lead_0275,GTM Engineer,Company 81,Marketing Services,"Madrid, Spain",501-1000,Q2 — RevOps EU (email),EMAIL,2026-07-15,,,
lead_0276,Partnerships Manager,Company 82,IT Services and IT Consulting,"London, England, United Kingdom",1-10,Q2 — RevOps EU (email),EMAIL,2026-07-08,,,
lead_0277,Directrice Marketing,Company 83,Marketing Services,"Berlin, Germany",501-1000,Q2 — RevOps EU (email),EMAIL,2026-06-14,,,
lead_0278,Sales Manager,Company 84,Marketing Services,"Toronto, Canada",51-200,Q2 — RevOps EU (email),EMAIL,2026-08-27,,yes,Not now
lead_0279,Responsable Commercial,Company 85,Marketing Services,"London, England, United Kingdom",11-50,Q2 — RevOps EU (email),EMAIL,2026-08-10,,,
lead_0280,Growth Marketer,Company 86,IT Services and IT Consulting,"Berlin, Germany",1001-5000,Q2 — RevOps EU (email),EMAIL,2026-07-10,,,
lead_0281,Head of Sales,Company 87,"Technology, Information and Internet","Berlin, Germany",201-500,Q2 — RevOps EU (email),EMAIL,2026-05-21,,,
lead_0282,VP Sales,Company 88,Software Development,"Madrid, Spain",1001-5000,Q2 — RevOps EU (email),EMAIL,2026-05-26,,yes,Referral
lead_0283,GTM Engineer,Company 89,IT Services and IT Consulting,"Lyon, France",1-10,Q2 — RevOps EU (email),EMAIL,2026-05-22,,yes,Interested
lead_0284,Founder,Company 90,Marketing Services,"Berlin, Germany",501-1000,Q2 — RevOps EU (email),EMAIL,2026-07-07,,,
lead_0285,COO,Company 91,Marketing Services,"London, England, United Kingdom",501-1000,Q2 — RevOps EU (email),EMAIL,2026-05-04,,yes,Out of office
lead_0286,Head of Growth,Company 92,Software Development,"Paris, Île-de-France, France",1001-5000,Q2 — RevOps EU (email),EMAIL,2026-08-25,,,
lead_0287,Responsable Commercial,Company 93,Financial Services,"Berlin, Germany",51-200,Q2 — RevOps EU (email),EMAIL,2026-05-09,,,
lead_0288,CEO,Company 94,"Technology, Information and Internet","Lyon, France",201-500,Q2 — RevOps EU (email),EMAIL,2026-07-01,,yes,Referral
lead_0289,Head of RevOps,Company 95,Marketing Services,"New York, United States",11-50,Q2 — RevOps EU (email),EMAIL,2026-06-02,,,
lead_0290,Business Developer,Company 96,Financial Services,"Lisbon, Portugal",1-10,Q2 — RevOps EU (email),EMAIL,2026-06-14,,,
lead_0291,Business Developer,Company 00,Software Development,"Madrid, Spain",11-50,Q2 — RevOps EU (email),EMAIL,2026-08-23,,,
lead_0292,Founder & CEO,Company 01,IT Services and IT Consulting,"New York, United States",1-10,Q2 — RevOps EU (email),EMAIL,2026-05-06,,yes,Interested
lead_0293,Vice President Growth,Company 02,Financial Services,"Amsterdam, Netherlands",1-10,Q2 — RevOps EU (email),EMAIL,2026-07-28,,,
lead_0294,SDR Manager,Company 03,Software Development,"Amsterdam, Netherlands",201-500,Q2 — RevOps EU (email),EMAIL,2026-07-08,,,
lead_0295,Co-Founder & CEO,Company 04,"Technology, Information and Internet","Paris, Île-de-France, France",201-500,Q2 — RevOps EU (email),EMAIL,2026-06-22,,yes,Not interested
lead_0296,Chief Revenue Officer,Company 05,Financial Services,"Berlin, Germany",501-1000,Q2 — RevOps EU (email),EMAIL,2026-07-15,,,
lead_0297,Chief Revenue Officer,Company 06,Financial Services,"Madrid, Spain",11-50,Q2 — RevOps EU (email),EMAIL,2026-07-21,,,
lead_0298,Co-Founder & CEO,Company 07,IT Services and IT Consulting,"New York, United States",501-1000,Q2 — RevOps EU (email),EMAIL,2026-06-28,,,
lead_0299,Business Developer,Company 08,Financial Services,"Lisbon, Portugal",501-1000,Q2 — RevOps EU (email),EMAIL,2026-07-12,,,
lead_0300,Head of Sales,Company 09,"Technology, Information and Internet","London, England, United Kingdom",11-50,Q2 — RevOps EU (email),EMAIL,2026-08-17,,yes,Out of office
lead_0301,Marketing Manager,Company 10,Marketing Services,"Austin, Texas, United States",11-50,Q2 — RevOps EU (email),EMAIL,2026-05-13,,,
lead_0302,Partnerships Manager,Company 11,"Technology, Information and Internet","New York, United States",51-200,Q2 — RevOps EU (email),EMAIL,2026-08-04,,yes,Referral
lead_0303,Managing Partner,Company 12,Financial Services,"New York, United States",1-10,Q2 — RevOps EU (email),EMAIL,2026-06-05,,,
lead_0304,Managing Partner,Company 13,IT Services and IT Consulting,"Berlin, Germany",201-500,Q2 — RevOps EU (email),EMAIL,2026-06-06,,yes,Not now
lead_0305,Chief Growth Officer,Company 14,IT Services and IT Consulting,"Madrid, Spain",11-50,Q2 — RevOps EU (email),EMAIL,2026-06-21,,yes,Meeting booked
lead_0306,Partnerships Manager,Company 15,Software Development,"Paris, Île-de-France, France",201-500,Q2 — RevOps EU (email),EMAIL,2026-07-06,,,
lead_0307,Chief Growth Officer,Company 16,Software Development,"Austin, Texas, United States",501-1000,Q2 — RevOps EU (email),EMAIL,2026-08-21,,,
lead_0308,Responsable Commercial,Company 17,Marketing Services,"Toronto, Canada",201-500,Q2 — RevOps EU (email),EMAIL,2026-06-14,,,
lead_0309,VP Sales,Company 18,Software Development,"Austin, Texas, United States",1-10,Q2 — RevOps EU (email),EMAIL,2026-05-28,,,
lead_0310,Account Executive,Company 19,Software Development,"Amsterdam, Netherlands",1-10,Q2 — RevOps EU (email),EMAIL,2026-06-25,,,
lead_0311,SVP Revenue,Company 20,IT Services and IT Consulting,"Lyon, France",1001-5000,Q2 — RevOps EU (email),EMAIL,2026-06-09,,,
lead_0312,Business Developer,Company 21,IT Services and IT Consulting,"Amsterdam, Netherlands",201-500,Q2 — RevOps EU (email),EMAIL,2026-08-17,,,
lead_0313,Head of Sales,Company 22,"Technology, Information and Internet","Toronto, Canada",201-500,Q2 — RevOps EU (email),EMAIL,2026-06-16,,,
lead_0314,Growth Marketer,Company 23,Marketing Services,"Berlin, Germany",51-200,Q2 — RevOps EU (email),EMAIL,2026-07-06,,,
lead_0315,Head of Growth,Company 24,"Technology, Information and Internet","Berlin, Germany",1-10,Q2 — RevOps EU (email),EMAIL,2026-06-12,,,
lead_0316,Marketing Manager,Company 25,"Technology, Information and Internet","Lisbon, Portugal",11-50,Q2 — RevOps EU (email),EMAIL,2026-08-16,,,
lead_0317,Chief Growth Officer,Company 26,IT Services and IT Consulting,"Amsterdam, Netherlands",11-50,Q2 — RevOps EU (email),EMAIL,2026-08-10,,yes,Referral
lead_0318,Managing Partner,Company 27,Software Development,"Madrid, Spain",501-1000,Q2 — RevOps EU (email),EMAIL,2026-06-22,,,
lead_0319,Sales Manager,Company 28,IT Services and IT Consulting,"London, England, United Kingdom",11-50,Q2 — RevOps EU (email),EMAIL,2026-08-10,,yes,Not interested
lead_0320,Account Executive,Company 29,Financial Services,"London, England, United Kingdom",11-50,Q2 — RevOps EU (email),EMAIL,2026-08-10,,,
lead_0321,COO,Company 30,IT Services and IT Consulting,"Lyon, France",201-500,Q2 — RevOps EU (email),EMAIL,2026-06-10,,yes,Interested
lead_0322,Business Developer,Company 31,IT Services and IT Consulting,"Amsterdam, Netherlands",1-10,Q2 — RevOps EU (email),EMAIL,2026-08-19,,,
lead_0323,Account Executive,Company 32,IT Services and IT Consulting,"Toronto, Canada",11-50,Q2 — RevOps EU (email),EMAIL,2026-06-01,,,
lead_0324,Sales Manager,Company 33,Marketing Services,"Austin, Texas, United States",1001-5000,Q2 — RevOps EU (email),EMAIL,2026-08-08,,,
lead_0325,Chief Growth Officer,Company 34,IT Services and IT Consulting,"Austin, Texas, United States",11-50,Q2 — RevOps EU (email),EMAIL,2026-06-06,,,
lead_0326,Growth Marketer,Company 35,"Technology, Information and Internet","Austin, Texas, United States",1-10,Q2 — RevOps EU (email),EMAIL,2026-08-20,,,
lead_0327,Partnerships Manager,Company 36,Financial Services,"New York, United States",51-200,Q2 — RevOps EU (email),EMAIL,2026-06-05,,,
lead_0328,SDR Manager,Company 37,Financial Services,"Paris, Île-de-France, France",11-50,Q2 — RevOps EU (email),EMAIL,2026-05-04,,,
lead_0329,SDR,Company 38,"Technology, Information and Internet","Madrid, Spain",201-500,Q2 — RevOps EU (email),EMAIL,2026-07-24,,,
lead_0330,Directrice Marketing,Company 39,Software Development,"New York, United States",11-50,Q2 — RevOps EU (email),EMAIL,2026-06-05,,,
lead_0331,CEO,Company 40,Software Development,"Lisbon, Portugal",201-500,Q2 — RevOps EU (email),EMAIL,2026-06-07,,,
lead_0332,COO,Company 41,Marketing Services,"Madrid, Spain",501-1000,Q2 — RevOps EU (email),EMAIL,2026-06-10,,yes,Interested
lead_0333,Growth Marketer,Company 42,Software Development,"Paris, Île-de-France, France",201-500,Q2 — RevOps EU (email),EMAIL,2026-08-27,,,
lead_0334,Vice President Growth,Company 43,Software Development,"Lyon, France",201-500,Q2 — RevOps EU (email),EMAIL,2026-08-12,,,
lead_0335,Chief Revenue Officer,Company 44,Financial Services,"Lisbon, Portugal",501-1000,Q2 — RevOps EU (email),EMAIL,2026-07-18,,,
lead_0336,GTM Engineer,Company 45,Marketing Services,"London, England, United Kingdom",501-1000,Q2 — RevOps EU (email),EMAIL,2026-05-24,,,
lead_0337,Marketing Manager,Company 46,Marketing Services,"Madrid, Spain",501-1000,Q2 — RevOps EU (email),EMAIL,2026-06-16,,,
lead_0338,Managing Partner,Company 47,Financial Services,"Paris, Île-de-France, France",501-1000,Q2 — RevOps EU (email),EMAIL,2026-06-08,,,
lead_0339,SDR Manager,Company 48,"Technology, Information and Internet","Lyon, France",1001-5000,Q2 — RevOps EU (email),EMAIL,2026-06-18,,,
lead_0340,VP Sales,Company 49,"Technology, Information and Internet","Lisbon, Portugal",501-1000,Q2 — RevOps EU (email),EMAIL,2026-07-09,,yes,Interested
lead_0341,Managing Partner,Company 50,Financial Services,"London, England, United Kingdom",1001-5000,Q2 — RevOps EU (email),EMAIL,2026-06-17,,,
lead_0342,Founder,Company 51,IT Services and IT Consulting,"Toronto, Canada",11-50,Q2 — RevOps EU (email),EMAIL,2026-07-23,,yes,Interested
lead_0343,Account Executive,Company 52,Software Development,"Berlin, Germany",201-500,Q2 — RevOps EU (email),EMAIL,2026-07-18,,,
lead_0344,Marketing Manager,Company 53,Marketing Services,"Lisbon, Portugal",1-10,Q2 — RevOps EU (email),EMAIL,2026-08-13,,,
lead_0345,Head of Sales,Company 54,Software Development,"Amsterdam, Netherlands",11-50,Q2 — RevOps EU (email),EMAIL,2026-07-02,,,
lead_0346,VP Marketing,Company 55,Software Development,"Lyon, France",1001-5000,Q2 — RevOps EU (email),EMAIL,2026-06-15,,,
lead_0347,Sales Director,Company 56,Software Development,"New York, United States",501-1000,Q2 — RevOps EU (email),EMAIL,2026-07-04,,,
lead_0348,Chief Growth Officer,Company 57,Financial Services,"Paris, Île-de-France, France",1001-5000,Q2 — RevOps EU (email),EMAIL,2026-06-04,,,
lead_0349,Sales Manager,Company 58,Financial Services,"Lisbon, Portugal",1001-5000,Q2 — RevOps EU (email),EMAIL,2026-05-27,,,
lead_0350,SVP Revenue,Company 59,Financial Services,"London, England, United Kingdom",501-1000,Q2 — RevOps EU (email),EMAIL,2026-05-22,,,
lead_0351,Managing Partner,Company 60,IT Services and IT Consulting,"Lyon, France",1-10,Q2 — RevOps EU (email),EMAIL,2026-07-04,,,
lead_0352,COO,Company 61,Financial Services,"Berlin, Germany",11-50,Q2 — RevOps EU (email),EMAIL,2026-07-10,,,
lead_0353,SDR Manager,Company 62,Marketing Services,"Toronto, Canada",51-200,Q2 — RevOps EU (email),EMAIL,2026-08-25,,,
lead_0354,CEO,Company 63,Financial Services,"Lisbon, Portugal",11-50,Q2 — RevOps EU (email),EMAIL,2026-07-16,,,
lead_0355,Chief Revenue Officer,Company 64,Marketing Services,"Lyon, France",1001-5000,Q2 — RevOps EU (email),EMAIL,2026-07-27,,,
lead_0356,Partnerships Manager,Company 65,IT Services and IT Consulting,"New York, United States",201-500,Q2 — RevOps EU (email),EMAIL,2026-07-17,,,
lead_0357,Sales Director,Company 66,Financial Services,"Lyon, France",11-50,Q2 — RevOps EU (email),EMAIL,2026-07-02,,,
lead_0358,Partnerships Manager,Company 67,Financial Services,"Lisbon, Portugal",501-1000,Q2 — RevOps EU (email),EMAIL,2026-07-12,,,
lead_0359,Head of RevOps,Company 68,Financial Services,"Paris, Île-de-France, France",11-50,Q2 — RevOps EU (email),EMAIL,2026-06-15,,,
lead_0360,Chief Growth Officer,Company 69,"Technology, Information and Internet","Berlin, Germany",1001-5000,Q2 — RevOps EU (email),EMAIL,2026-06-13,,,
lead_0361,Account Executive,Company 70,Financial Services,"Lyon, France",501-1000,Q2 — RevOps EU (email),EMAIL,2026-07-19,,,
lead_0362,SDR,Company 71,Software Development,"Madrid, Spain",11-50,Q2 — RevOps EU (email),EMAIL,2026-08-19,,,
lead_0363,Partnerships Manager,Company 72,"Technology, Information and Internet","London, England, United Kingdom",11-50,Q2 — RevOps EU (email),EMAIL,2026-06-25,,,
lead_0364,Sales Director,Company 73,"Technology, Information and Internet","Toronto, Canada",51-200,Q2 — RevOps EU (email),EMAIL,2026-08-13,,,
lead_0365,Partnerships Manager,Company 74,IT Services and IT Consulting,"Amsterdam, Netherlands",501-1000,Q2 — RevOps EU (email),EMAIL,2026-06-26,,,
lead_0366,CMO,Company 75,"Technology, Information and Internet","Lisbon, Portugal",1-10,Q2 — RevOps EU (email),EMAIL,2026-07-15,,,
lead_0367,GTM Engineer,Company 76,Marketing Services,"Berlin, Germany",1-10,Q2 — RevOps EU (email),EMAIL,2026-06-24,,,
lead_0368,Sales Director,Company 77,Financial Services,"New York, United States",1-10,Q2 — RevOps EU (email),EMAIL,2026-07-03,,,
lead_0369,Directrice Marketing,Company 78,IT Services and IT Consulting,"Madrid, Spain",51-200,Q2 — RevOps EU (email),EMAIL,2026-08-28,,,
lead_0370,Founder & CEO,Company 79,"Technology, Information and Internet","Austin, Texas, United States",51-200,Q2 — RevOps EU (email),EMAIL,2026-07-01,,,
lead_0371,Founder,Company 80,Software Development,"Paris, Île-de-France, France",11-50,Q2 — RevOps EU (email),EMAIL,2026-07-15,,yes,Referral
lead_0372,Founder & CEO,Company 81,Software Development,"Lyon, France",11-50,Q2 — RevOps EU (email),EMAIL,2026-05-03,,yes,Referral
lead_0373,Partnerships Manager,Company 82,Software Development,"Austin, Texas, United States",11-50,Q2 — RevOps EU (email),EMAIL,2026-07-21,,,
lead_0374,Business Developer,Company 83,"Technology, Information and Internet","Amsterdam, Netherlands",51-200,Q2 — RevOps EU (email),EMAIL,2026-08-01,,,
lead_0375,Directrice Marketing,Company 84,Financial Services,"Paris, Île-de-France, France",11-50,Q2 — RevOps EU (email),EMAIL,2026-07-26,,yes,Not now
lead_0376,GTM Engineer,Company 85,IT Services and IT Consulting,"Lisbon, Portugal",51-200,Q2 — RevOps EU (email),EMAIL,2026-05-01,,,
lead_0377,Partnerships Manager,Company 86,Financial Services,"Madrid, Spain",1-10,Q2 — RevOps EU (email),EMAIL,2026-07-23,,,
lead_0378,CEO,Company 87,Software Development,"New York, United States",11-50,Q2 — RevOps EU (email),EMAIL,2026-06-17,,,
lead_0379,VP Marketing,Company 88,Financial Services,"Amsterdam, Netherlands",201-500,Q2 — RevOps EU (email),EMAIL,2026-07-22,,,
lead_0380,SDR Manager,Company 89,Marketing Services,"Amsterdam, Netherlands",501-1000,Q2 — RevOps EU (email),EMAIL,2026-06-24,,,
lead_0381,Partnerships Manager,Company 90,Financial Services,"Toronto, Canada",1001-5000,Q2 — RevOps EU (email),EMAIL,2026-08-15,,,
lead_0382,Sales Director,Company 91,Financial Services,"Austin, Texas, United States",11-50,Q2 — RevOps EU (email),EMAIL,2026-05-18,,,
lead_0383,Chief Revenue Officer,Company 92,"Technology, Information and Internet","London, England, United Kingdom",201-500,Q2 — RevOps EU (email),EMAIL,2026-05-20,,yes,Interested
lead_0384,Head of Growth,Company 93,"Technology, Information and Internet","Lyon, France",51-200,Q2 — RevOps EU (email),EMAIL,2026-06-24,,yes,Interested
lead_0385,Sales Director,Company 94,Financial Services,"New York, United States",1001-5000,Q2 — RevOps EU (email),EMAIL,2026-07-28,,,
lead_0386,Account Executive,Company 95,IT Services and IT Consulting,"New York, United States",201-500,Q2 — RevOps EU (email),EMAIL,2026-06-26,,,
lead_0387,Marketing Manager,Company 96,Software Development,"Madrid, Spain",1-10,Q2 — RevOps EU (email),EMAIL,2026-08-28,,,
lead_0388,Head of Growth,Company 00,IT Services and IT Consulting,"New York, United States",201-500,Q2 — RevOps EU (email),EMAIL,2026-05-09,,yes,Not interested
lead_0389,VP Marketing,Company 01,Financial Services,"Austin, Texas, United States",201-500,Q2 — RevOps EU (email),EMAIL,2026-06-16,,,
lead_0390,Directrice Marketing,Company 02,Financial Services,"Austin, Texas, United States",11-50,Q2 — RevOps EU (email),EMAIL,2026-06-03,,,
lead_0391,Business Developer,Company 03,"Technology, Information and Internet","Amsterdam, Netherlands",11-50,Q2 — RevOps EU (email),EMAIL,2026-08-20,,,
lead_0392,Managing Partner,Company 04,Software Development,"Amsterdam, Netherlands",11-50,Q2 — RevOps EU (email),EMAIL,2026-05-25,,,
lead_0393,Founder,Company 05,"Technology, Information and Internet","Paris, Île-de-France, France",51-200,Q2 — RevOps EU (email),EMAIL,2026-05-05,,,
lead_0394,COO,Company 06,Financial Services,"Toronto, Canada",11-50,Q2 — RevOps EU (email),EMAIL,2026-08-12,,yes,Interested
lead_0395,Chief Revenue Officer,Company 07,Financial Services,"Madrid, Spain",1001-5000,Q2 — RevOps EU (email),EMAIL,2026-06-02,,,
lead_0396,SDR Manager,Company 08,Software Development,"Berlin, Germany",1-10,Q2 — RevOps EU (email),EMAIL,2026-07-20,,,
lead_0397,Responsable Commercial,Company 09,Software Development,"Amsterdam, Netherlands",1-10,Q2 — RevOps EU (email),EMAIL,2026-05-04,,yes,Not interested
lead_0398,Head of RevOps,Company 10,"Technology, Information and Internet","Toronto, Canada",11-50,Q2 — RevOps EU (email),EMAIL,2026-06-21,,,
lead_0399,Growth Marketer,Company 11,Marketing Services,"Lisbon, Portugal",51-200,Q2 — RevOps EU (email),EMAIL,2026-05-12,,,
lead_0400,Sales Manager,Company 12,Financial Services,"Berlin, Germany",1001-5000,Q2 — RevOps EU (email),EMAIL,2026-05-09,,,
lead_0401,Founder & CEO,Company 13,Software Development,"Toronto, Canada",201-500,Q2 — RevOps EU (email),EMAIL,2026-06-09,,yes,Out of office
lead_0402,Directrice Marketing,Company 14,IT Services and IT Consulting,"Austin, Texas, United States",1001-5000,Q2 — RevOps EU (email),EMAIL,2026-07-14,,,
lead_0403,VP Marketing,Company 15,"Technology, Information and Internet","Madrid, Spain",201-500,Q2 — RevOps EU (email),EMAIL,2026-07-26,,yes,Not interested
lead_0404,Head of Growth,Company 16,Financial Services,"Lyon, France",1001-5000,Q2 — RevOps EU (email),EMAIL,2026-08-13,,,
lead_0405,Responsable Commercial,Company 17,Software Development,"Paris, Île-de-France, France",501-1000,Q2 — RevOps EU (email),EMAIL,2026-08-02,,,
lead_0406,SVP Revenue,Company 18,IT Services and IT Consulting,"Amsterdam, Netherlands",501-1000,Q2 — RevOps EU (email),EMAIL,2026-07-19,,yes,Out of office
lead_0407,Head of RevOps,Company 19,IT Services and IT Consulting,"Madrid, Spain",11-50,Q2 — RevOps EU (email),EMAIL,2026-06-23,,yes,Not now
lead_0408,Partnerships Manager,Company 20,Financial Services,"Toronto, Canada",1-10,Q2 — RevOps EU (email),EMAIL,2026-08-08,,,
lead_0409,Co-Founder & CEO,Company 21,IT Services and IT Consulting,"Amsterdam, Netherlands",1001-5000,Q2 — RevOps EU (email),EMAIL,2026-07-19,,,
lead_0410,SDR,Company 22,Software Development,"Amsterdam, Netherlands",501-1000,Q2 — RevOps EU (email),EMAIL,2026-07-07,,,
lead_0411,Founder,Company 23,"Technology, Information and Internet","Lisbon, Portugal",11-50,Q2 — RevOps EU (email),EMAIL,2026-06-21,,,
lead_0412,Vice President Growth,Company 24,Financial Services,"London, England, United Kingdom",201-500,Q2 — RevOps EU (email),EMAIL,2026-07-05,,,
lead_0413,CEO,Company 25,Financial Services,"Toronto, Canada",1001-5000,Q2 — RevOps EU (email),EMAIL,2026-07-10,,,
lead_0414,Co-Founder & CEO,Company 26,Financial Services,"London, England, United Kingdom",201-500,Q2 — RevOps EU (email),EMAIL,2026-07-21,,,
lead_0415,Marketing Manager,Company 27,"Technology, Information and Internet","Berlin, Germany",1-10,Q2 — RevOps EU (email),EMAIL,2026-06-16,,,
lead_0416,Sales Manager,Company 28,Marketing Services,"Madrid, Spain",51-200,Q2 — RevOps EU (email),EMAIL,2026-06-01,,,
lead_0417,Sales Director,Company 29,Software Development,"Berlin, Germany",501-1000,Q2 — RevOps EU (email),EMAIL,2026-06-23,,,
lead_0418,Founder,Company 30,Financial Services,"London, England, United Kingdom",201-500,Q2 — RevOps EU (email),EMAIL,2026-07-21,,,
lead_0419,Managing Partner,Company 31,IT Services and IT Consulting,"Lyon, France",51-200,Q2 — RevOps EU (email),EMAIL,2026-06-02,,,
lead_0420,SVP Revenue,Company 32,Financial Services,"Madrid, Spain",201-500,Q2 — RevOps EU (email),EMAIL,2026-08-20,,,
lead_0421,Founder & CEO,Company 33,Marketing Services,"Lyon, France",11-50,Q2 — RevOps EU (email),EMAIL,2026-06-28,,,
lead_0422,COO,Company 34,"Technology, Information and Internet","London, England, United Kingdom",51-200,Q2 — RevOps EU (email),EMAIL,2026-05-25,,,
lead_0423,Directrice Marketing,Company 35,IT Services and IT Consulting,"Paris, Île-de-France, France",1001-5000,Q2 — RevOps EU (email),EMAIL,2026-05-19,,,
lead_0424,SDR Manager,Company 36,IT Services and IT Consulting,"Lisbon, Portugal",201-500,Q2 — RevOps EU (email),EMAIL,2026-06-03,,,
lead_0425,CEO,Company 37,Software Development,"New York, United States",1001-5000,Q2 — RevOps EU (email),EMAIL,2026-08-07,,,
lead_0426,Account Executive,Company 38,Financial Services,"Amsterdam, Netherlands",501-1000,Q2 — RevOps EU (email),EMAIL,2026-07-25,,,
lead_0427,Managing Partner,Company 39,Software Development,"Paris, Île-de-France, France",501-1000,Q2 — RevOps EU (email),EMAIL,2026-05-16,,yes,Referral
lead_0428,Chief Growth Officer,Company 40,"Technology, Information and Internet","Amsterdam, Netherlands",1001-5000,Q2 — RevOps EU (email),EMAIL,2026-07-28,,yes,Out of office
lead_0429,Chief Growth Officer,Company 41,IT Services and IT Consulting,"Berlin, Germany",1-10,Q2 — RevOps EU (email),EMAIL,2026-06-11,,yes,Not interested
lead_0430,Founder & CEO,Company 42,Financial Services,"Amsterdam, Netherlands",1-10,Q2 — RevOps EU (email),EMAIL,2026-07-09,,,
lead_0431,Directrice Marketing,Company 43,Marketing Services,"Paris, Île-de-France, France",201-500,Q2 — RevOps EU (email),EMAIL,2026-06-10,,,
lead_0432,SDR Manager,Company 44,Marketing Services,"Austin, Texas, United States",51-200,Q2 — RevOps EU (email),EMAIL,2026-06-05,,yes,Not now
lead_0433,Responsable Commercial,Company 45,Marketing Services,"Amsterdam, Netherlands",11-50,Q2 — RevOps EU (email),EMAIL,2026-06-07,,,
lead_0434,Partnerships Manager,Company 46,Financial Services,"Toronto, Canada",1-10,Q2 — RevOps EU (email),EMAIL,2026-05-14,,,
lead_0435,COO,Company 47,"Technology, Information and Internet","Austin, Texas, United States",201-500,Q2 — RevOps EU (email),EMAIL,2026-06-23,,yes,Referral
lead_0436,VP Sales,Company 48,IT Services and IT Consulting,"New York, United States",11-50,Q2 — RevOps EU (email),EMAIL,2026-05-06,,,
lead_0437,Chief Growth Officer,Company 49,Software Development,"Lisbon, Portugal",501-1000,Q2 — RevOps EU (email),EMAIL,2026-06-01,,,
lead_0438,Partnerships Manager,Company 50,"Technology, Information and Internet","New York, United States",201-500,Q2 — RevOps EU (email),EMAIL,2026-08-24,,,
lead_0439,SDR Manager,Company 51,Marketing Services,"Berlin, Germany",11-50,Q2 — RevOps EU (email),EMAIL,2026-08-07,,,
lead_0440,COO,Company 52,Software Development,"Madrid, Spain",1-10,Q2 — RevOps EU (email),EMAIL,2026-06-22,,,
lead_0441,Partnerships Manager,Company 53,"Technology, Information and Internet","Berlin, Germany",1-10,Q2 — RevOps EU (email),EMAIL,2026-05-06,,,
lead_0442,Partnerships Manager,Company 54,Marketing Services,"Toronto, Canada",51-200,Q2 — RevOps EU (email),EMAIL,2026-08-05,,,
lead_0443,VP Marketing,Company 55,"Technology, Information and Internet","New York, United States",11-50,Q2 — RevOps EU (email),EMAIL,2026-07-02,,,
lead_0444,Marketing Manager,Company 56,"Technology, Information and Internet","Toronto, Canada",1001-5000,Q2 — RevOps EU (email),EMAIL,2026-08-03,,,
lead_0445,Sales Manager,Company 57,IT Services and IT Consulting,"Madrid, Spain",51-200,Q2 — RevOps EU (email),EMAIL,2026-05-02,,,
lead_0446,Partnerships Manager,Company 58,"Technology, Information and Internet","Toronto, Canada",1001-5000,Q2 — RevOps EU (email),EMAIL,2026-07-03,,,
lead_0447,Chief Growth Officer,Company 59,IT Services and IT Consulting,"New York, United States",1-10,Q2 — RevOps EU (email),EMAIL,2026-07-09,,,
lead_0448,Head of Growth,Company 60,Software Development,"Berlin, Germany",11-50,Q2 — RevOps EU (email),EMAIL,2026-07-09,,,
lead_0449,Sales Director,Company 61,Financial Services,"Lyon, France",1-10,Q2 — RevOps EU (email),EMAIL,2026-07-04,,,
lead_0450,Managing Partner,Company 62,"Technology, Information and Internet","Austin, Texas, United States",1001-5000,Q2 — RevOps EU (email),EMAIL,2026-05-06,,,
lead_0451,Sales Director,Company 63,Financial Services,"Amsterdam, Netherlands",1001-5000,Q2 — RevOps EU (email),EMAIL,2026-06-04,,,
lead_0452,Marketing Manager,Company 64,Marketing Services,"London, England, United Kingdom",201-500,Q2 — RevOps EU (email),EMAIL,2026-08-18,,,
lead_0453,Directrice Marketing,Company 65,IT Services and IT Consulting,"Paris, Île-de-France, France",1-10,Q2 — RevOps EU (email),EMAIL,2026-05-17,,,
lead_0454,Marketing Manager,Company 66,"Technology, Information and Internet","Lyon, France",201-500,Q2 — RevOps EU (email),EMAIL,2026-06-03,,,
lead_0455,SVP Revenue,Company 67,Software Development,"Paris, Île-de-France, France",51-200,Q2 — RevOps EU (email),EMAIL,2026-08-28,,,
lead_0456,Chief Growth Officer,Company 68,Software Development,"New York, United States",1-10,Q2 — RevOps EU (email),EMAIL,2026-05-05,,,
lead_0457,Head of RevOps,Company 69,Financial Services,"New York, United States",201-500,Q2 — RevOps EU (email),EMAIL,2026-06-19,,,
lead_0458,Co-Founder & CEO,Company 70,"Technology, Information and Internet","Madrid, Spain",51-200,Q2 — RevOps EU (email),EMAIL,2026-07-07,,,
lead_0459,Sales Manager,Company 71,Marketing Services,"New York, United States",501-1000,Q2 — RevOps EU (email),EMAIL,2026-05-01,,,
lead_0460,Sales Director,Company 72,Marketing Services,"New York, United States",11-50,Q2 — RevOps EU (email),EMAIL,2026-05-25,,,
lead_0461,Account Executive,Company 73,IT Services and IT Consulting,"Lyon, France",201-500,Q2 — RevOps EU (email),EMAIL,2026-07-04,,,
lead_0462,Chief Growth Officer,Company 74,Marketing Services,"New York, United States",11-50,Q2 — RevOps EU (email),EMAIL,2026-06-20,,,
lead_0463,Sales Manager,Company 75,Software Development,"London, England, United Kingdom",11-50,Q2 — RevOps EU (email),EMAIL,2026-07-11,,,
lead_0464,Co-Founder & CEO,Company 76,"Technology, Information and Internet","Amsterdam, Netherlands",51-200,Q2 — RevOps EU (email),EMAIL,2026-05-26,,,
lead_0465,Chief Growth Officer,Company 77,IT Services and IT Consulting,"Paris, Île-de-France, France",201-500,Q2 — RevOps EU (email),EMAIL,2026-05-26,,,
lead_0466,Partnerships Manager,Company 78,"Technology, Information and Internet","Berlin, Germany",51-200,Q2 — RevOps EU (email),EMAIL,2026-06-07,,,
lead_0467,Partnerships Manager,Company 79,Software Development,"Lisbon, Portugal",1-10,Q2 — RevOps EU (email),EMAIL,2026-05-16,,,
lead_0468,SDR,Company 80,Marketing Services,"London, England, United Kingdom",1001-5000,Q2 — RevOps EU (email),EMAIL,2026-06-28,,,
lead_0469,SDR Manager,Company 81,Software Development,"Amsterdam, Netherlands",1001-5000,Q2 — RevOps EU (email),EMAIL,2026-07-06,,,
lead_0470,SDR Manager,Company 82,IT Services and IT Consulting,"Austin, Texas, United States",11-50,Q2 — RevOps EU (email),EMAIL,2026-08-10,,,
lead_0471,Responsable Commercial,Company 83,Marketing Services,"Madrid, Spain",11-50,Q2 — RevOps EU (email),EMAIL,2026-07-27,,,
lead_0472,Founder & CEO,Company 84,Marketing Services,"London, England, United Kingdom",501-1000,Q2 — RevOps EU (email),EMAIL,2026-05-26,,,
lead_0473,SDR Manager,Company 85,"Technology, Information and Internet","New York, United States",11-50,Q2 — RevOps EU (email),EMAIL,2026-07-15,,,
lead_0474,Sales Director,Company 86,Software Development,"Madrid, Spain",201-500,Q2 — RevOps EU (email),EMAIL,2026-08-22,,,
lead_0475,Partnerships Manager,Company 87,IT Services and IT Consulting,"New York, United States",1-10,Q2 — RevOps EU (email),EMAIL,2026-08-22,,,
lead_0476,Sales Manager,Company 88,IT Services and IT Consulting,"Paris, Île-de-France, France",51-200,Q2 — RevOps EU (email),EMAIL,2026-06-16,,,
lead_0477,SDR,Company 89,IT Services and IT Consulting,"Madrid, Spain",201-500,Q2 — RevOps EU (email),EMAIL,2026-07-10,,,
lead_0478,Head of Growth,Company 90,Software Development,"Madrid, Spain",51-200,Q2 — RevOps EU (email),EMAIL,2026-07-20,,yes,Meeting booked
lead_0479,Sales Manager,Company 91,IT Services and IT Consulting,"Toronto, Canada",201-500,Q2 — RevOps EU (email),EMAIL,2026-06-04,,,
lead_0480,VP Marketing,Company 92,"Technology, Information and Internet","Austin, Texas, United States",201-500,Q2 — RevOps EU (email),EMAIL,2026-06-05,,,
lead_0481,VP Marketing,Company 93,Financial Services,"Lisbon, Portugal",51-200,Q3 — Retail & Manufacturing test,LINKEDIN,2026-06-17,no,,
lead_0482,SVP Revenue,Company 94,Retail,"Berlin, Germany",1-10,Q3 — Retail & Manufacturing test,LINKEDIN,2026-05-08,no,,
lead_0483,Partnerships Manager,Company 95,Retail,"Toronto, Canada",501-1000,Q3 — Retail & Manufacturing test,LINKEDIN,2026-08-13,yes,,
lead_0484,Partnerships Manager,Company 96,Retail,"Lyon, France",501-1000,Q3 — Retail & Manufacturing test,LINKEDIN,2026-06-15,yes,,
lead_0485,Sales Manager,Company 00,Financial Services,"Paris, Île-de-France, France",501-1000,Q3 — Retail & Manufacturing test,LINKEDIN,2026-08-16,no,,
lead_0486,Chief Growth Officer,Company 01,Retail,"Madrid, Spain",501-1000,Q3 — Retail & Manufacturing test,LINKEDIN,2026-07-10,no,,
lead_0487,Marketing Manager,Company 02,Retail,"Lisbon, Portugal",51-200,Q3 — Retail & Manufacturing test,LINKEDIN,2026-06-01,no,,
lead_0488,Co-Founder & CEO,Company 03,Retail,"Berlin, Germany",201-500,Q3 — Retail & Manufacturing test,LINKEDIN,2026-08-19,no,,
lead_0489,Managing Partner,Company 04,Retail,"Toronto, Canada",201-500,Q3 — Retail & Manufacturing test,LINKEDIN,2026-07-21,yes,,
lead_0490,Head of Sales,Company 05,Business Consulting and Services,"Austin, Texas, United States",1001-5000,Q3 — Retail & Manufacturing test,LINKEDIN,2026-06-06,no,,
lead_0491,Responsable Commercial,Company 06,Business Consulting and Services,"New York, United States",11-50,Q3 — Retail & Manufacturing test,LINKEDIN,2026-07-26,no,,
lead_0492,Chief Revenue Officer,Company 07,Business Consulting and Services,"Lyon, France",1-10,Q3 — Retail & Manufacturing test,LINKEDIN,2026-06-13,no,,
lead_0493,Founder & CEO,Company 08,Financial Services,"Lyon, France",11-50,Q3 — Retail & Manufacturing test,LINKEDIN,2026-06-15,yes,,
lead_0494,Vice President Growth,Company 09,Financial Services,"Austin, Texas, United States",201-500,Q3 — Retail & Manufacturing test,LINKEDIN,2026-05-07,no,,
lead_0495,SDR Manager,Company 10,Business Consulting and Services,"Berlin, Germany",1-10,Q3 — Retail & Manufacturing test,LINKEDIN,2026-06-25,no,,
lead_0496,Sales Manager,Company 11,Business Consulting and Services,"Amsterdam, Netherlands",201-500,Q3 — Retail & Manufacturing test,LINKEDIN,2026-08-13,no,,
lead_0497,Founder & CEO,Company 12,Retail,"Toronto, Canada",1-10,Q3 — Retail & Manufacturing test,LINKEDIN,2026-08-19,yes,,
lead_0498,Founder,Company 13,Manufacturing,"Toronto, Canada",1-10,Q3 — Retail & Manufacturing test,LINKEDIN,2026-05-25,no,,
lead_0499,Business Developer,Company 14,Manufacturing,"Berlin, Germany",1001-5000,Q3 — Retail & Manufacturing test,LINKEDIN,2026-08-21,no,,
lead_0500,VP Marketing,Company 15,Business Consulting and Services,"Madrid, Spain",201-500,Q3 — Retail & Manufacturing test,LINKEDIN,2026-07-26,yes,,
lead_0501,Directrice Marketing,Company 16,Financial Services,"Austin, Texas, United States",1001-5000,Q3 — Retail & Manufacturing test,LINKEDIN,2026-06-07,yes,,
lead_0502,CMO,Company 17,Retail,"New York, United States",501-1000,Q3 — Retail & Manufacturing test,LINKEDIN,2026-07-14,yes,,
lead_0503,Partnerships Manager,Company 18,Manufacturing,"New York, United States",11-50,Q3 — Retail & Manufacturing test,LINKEDIN,2026-08-28,no,,
lead_0504,SDR,Company 19,Financial Services,"Berlin, Germany",51-200,Q3 — Retail & Manufacturing test,LINKEDIN,2026-08-23,no,,
lead_0505,Sales Manager,Company 20,Business Consulting and Services,"New York, United States",501-1000,Q3 — Retail & Manufacturing test,LINKEDIN,2026-06-10,yes,,
lead_0506,Vice President Growth,Company 21,Retail,"Amsterdam, Netherlands",1-10,Q3 — Retail & Manufacturing test,LINKEDIN,2026-06-01,no,,
lead_0507,Managing Partner,Company 22,Retail,"Lyon, France",201-500,Q3 — Retail & Manufacturing test,LINKEDIN,2026-07-20,no,yes,Not interested
lead_0508,Co-Founder & CEO,Company 23,Business Consulting and Services,"Toronto, Canada",51-200,Q3 — Retail & Manufacturing test,LINKEDIN,2026-07-08,yes,,
lead_0509,Founder,Company 24,Retail,"Berlin, Germany",11-50,Q3 — Retail & Manufacturing test,LINKEDIN,2026-05-26,no,,
lead_0510,GTM Engineer,Company 25,Business Consulting and Services,"London, England, United Kingdom",1001-5000,Q3 — Retail & Manufacturing test,LINKEDIN,2026-07-04,yes,,
lead_0511,Vice President Growth,Company 26,Retail,"Toronto, Canada",51-200,Q3 — Retail & Manufacturing test,LINKEDIN,2026-06-22,no,yes,Interested
lead_0512,Head of Growth,Company 27,Financial Services,"Amsterdam, Netherlands",11-50,Q3 — Retail & Manufacturing test,LINKEDIN,2026-07-07,yes,,
lead_0513,Chief Growth Officer,Company 28,Retail,"New York, United States",201-500,Q3 — Retail & Manufacturing test,LINKEDIN,2026-08-24,yes,,
lead_0514,Sales Manager,Company 29,Business Consulting and Services,"Paris, Île-de-France, France",1001-5000,Q3 — Retail & Manufacturing test,LINKEDIN,2026-08-24,no,yes,Out of office
lead_0515,Partnerships Manager,Company 30,Business Consulting and Services,"Amsterdam, Netherlands",501-1000,Q3 — Retail & Manufacturing test,LINKEDIN,2026-08-06,no,,
lead_0516,Founder & CEO,Company 31,Retail,"Berlin, Germany",1001-5000,Q3 — Retail & Manufacturing test,LINKEDIN,2026-08-12,yes,yes,Not interested
lead_0517,COO,Company 32,Manufacturing,"Lisbon, Portugal",51-200,Q3 — Retail & Manufacturing test,LINKEDIN,2026-07-03,no,,
lead_0518,SDR,Company 33,Manufacturing,"Toronto, Canada",1-10,Q3 — Retail & Manufacturing test,LINKEDIN,2026-07-09,no,,
lead_0519,Marketing Manager,Company 34,Manufacturing,"Austin, Texas, United States",1001-5000,Q3 — Retail & Manufacturing test,LINKEDIN,2026-07-14,no,,
lead_0520,SDR Manager,Company 35,Financial Services,"Berlin, Germany",11-50,Q3 — Retail & Manufacturing test,LINKEDIN,2026-05-04,yes,,
lead_0521,Chief Growth Officer,Company 36,Retail,"Paris, Île-de-France, France",201-500,Q3 — Retail & Manufacturing test,LINKEDIN,2026-06-19,no,yes,Interested
lead_0522,Account Executive,Company 37,Financial Services,"New York, United States",1001-5000,Q3 — Retail & Manufacturing test,LINKEDIN,2026-05-08,yes,,
lead_0523,COO,Company 38,Manufacturing,"Lisbon, Portugal",11-50,Q3 — Retail & Manufacturing test,LINKEDIN,2026-07-19,no,,
lead_0524,Marketing Manager,Company 39,Retail,"Berlin, Germany",201-500,Q3 — Retail & Manufacturing test,LINKEDIN,2026-07-21,no,,
lead_0525,SDR Manager,Company 40,Financial Services,"Lisbon, Portugal",1001-5000,Q3 — Retail & Manufacturing test,LINKEDIN,2026-07-05,yes,,
lead_0526,CEO,Company 41,Manufacturing,"Paris, Île-de-France, France",11-50,Q3 — Retail & Manufacturing test,LINKEDIN,2026-07-19,no,,
lead_0527,Co-Founder & CEO,Company 42,Manufacturing,"Paris, Île-de-France, France",1-10,Q3 — Retail & Manufacturing test,LINKEDIN,2026-07-02,yes,,
lead_0528,SDR Manager,Company 43,Retail,"Lyon, France",501-1000,Q3 — Retail & Manufacturing test,LINKEDIN,2026-07-09,yes,,
lead_0529,Responsable Commercial,Company 44,Retail,"London, England, United Kingdom",1001-5000,Q3 — Retail & Manufacturing test,LINKEDIN,2026-06-05,no,,
lead_0530,VP Sales,Company 45,Financial Services,"London, England, United Kingdom",1-10,Q3 — Retail & Manufacturing test,LINKEDIN,2026-05-18,no,yes,Referral
lead_0531,Marketing Manager,Company 46,Business Consulting and Services,"Madrid, Spain",201-500,Q3 — Retail & Manufacturing test,LINKEDIN,2026-08-01,no,,
lead_0532,Sales Manager,Company 47,Financial Services,"London, England, United Kingdom",11-50,Q3 — Retail & Manufacturing test,LINKEDIN,2026-08-21,no,,
lead_0533,Head of Sales,Company 48,Retail,"Toronto, Canada",501-1000,Q3 — Retail & Manufacturing test,LINKEDIN,2026-06-22,yes,,
lead_0534,CMO,Company 49,Business Consulting and Services,"Austin, Texas, United States",51-200,Q3 — Retail & Manufacturing test,LINKEDIN,2026-06-05,no,,
lead_0535,Marketing Manager,Company 50,Retail,"London, England, United Kingdom",1-10,Q3 — Retail & Manufacturing test,LINKEDIN,2026-05-04,no,,
lead_0536,Head of Sales,Company 51,Financial Services,"Lyon, France",201-500,Q3 — Retail & Manufacturing test,LINKEDIN,2026-07-21,yes,,
lead_0537,Account Executive,Company 52,Retail,"Paris, Île-de-France, France",1001-5000,Q3 — Retail & Manufacturing test,LINKEDIN,2026-08-22,yes,,
lead_0538,CMO,Company 53,Business Consulting and Services,"Austin, Texas, United States",201-500,Q3 — Retail & Manufacturing test,LINKEDIN,2026-08-05,yes,,
lead_0539,COO,Company 54,Financial Services,"Berlin, Germany",1-10,Q3 — Retail & Manufacturing test,LINKEDIN,2026-07-06,no,,
lead_0540,Responsable Commercial,Company 55,Business Consulting and Services,"New York, United States",51-200,Q3 — Retail & Manufacturing test,LINKEDIN,2026-05-14,no,,
lead_0541,Account Executive,Company 56,Business Consulting and Services,"New York, United States",1-10,Q3 — Retail & Manufacturing test,LINKEDIN,2026-06-26,yes,,
lead_0542,Marketing Manager,Company 57,Business Consulting and Services,"Amsterdam, Netherlands",201-500,Q3 — Retail & Manufacturing test,LINKEDIN,2026-06-03,no,,
lead_0543,Founder,Company 58,Retail,"Toronto, Canada",1001-5000,Q3 — Retail & Manufacturing test,LINKEDIN,2026-06-14,no,,
lead_0544,Marketing Manager,Company 59,Manufacturing,"Paris, Île-de-France, France",51-200,Q3 — Retail & Manufacturing test,LINKEDIN,2026-08-09,yes,,
lead_0545,Head of Sales,Company 60,Manufacturing,"Austin, Texas, United States",1001-5000,Q3 — Retail & Manufacturing test,LINKEDIN,2026-07-08,yes,,
lead_0546,Sales Manager,Company 61,Manufacturing,"Austin, Texas, United States",1001-5000,Q3 — Retail & Manufacturing test,LINKEDIN,2026-07-21,no,,
lead_0547,Head of RevOps,Company 62,Financial Services,"London, England, United Kingdom",51-200,Q3 — Retail & Manufacturing test,LINKEDIN,2026-05-24,yes,yes,Not interested
lead_0548,CEO,Company 63,Financial Services,"Toronto, Canada",1001-5000,Q3 — Retail & Manufacturing test,LINKEDIN,2026-08-09,no,,
lead_0549,Managing Partner,Company 64,Financial Services,"Berlin, Germany",201-500,Q3 — Retail & Manufacturing test,LINKEDIN,2026-07-24,no,,
lead_0550,SVP Revenue,Company 65,Manufacturing,"Madrid, Spain",1-10,Q3 — Retail & Manufacturing test,LINKEDIN,2026-06-04,no,,
lead_0551,Founder & CEO,Company 66,Retail,"London, England, United Kingdom",11-50,Q3 — Retail & Manufacturing test,LINKEDIN,2026-05-06,no,,
lead_0552,Partnerships Manager,Company 67,Manufacturing,"Berlin, Germany",1-10,Q3 — Retail & Manufacturing test,LINKEDIN,2026-07-04,no,,
lead_0553,Partnerships Manager,Company 68,Manufacturing,"London, England, United Kingdom",1-10,Q3 — Retail & Manufacturing test,LINKEDIN,2026-06-01,yes,,
lead_0554,VP Sales,Company 69,Manufacturing,"Amsterdam, Netherlands",11-50,Q3 — Retail & Manufacturing test,LINKEDIN,2026-08-09,yes,,
lead_0555,Business Developer,Company 70,Manufacturing,"Madrid, Spain",51-200,Q3 — Retail & Manufacturing test,LINKEDIN,2026-05-08,no,,
lead_0556,Business Developer,Company 71,Manufacturing,"Lisbon, Portugal",1001-5000,Q3 — Retail & Manufacturing test,LINKEDIN,2026-06-28,yes,,
lead_0557,Responsable Commercial,Company 72,Manufacturing,"Paris, Île-de-France, France",51-200,Q3 — Retail & Manufacturing test,LINKEDIN,2026-07-15,no,,
lead_0558,SDR Manager,Company 73,Retail,"London, England, United Kingdom",201-500,Q3 — Retail & Manufacturing test,LINKEDIN,2026-07-16,no,,
lead_0559,Sales Director,Company 74,Retail,"London, England, United Kingdom",11-50,Q3 — Retail & Manufacturing test,LINKEDIN,2026-06-12,yes,,
lead_0560,Directrice Marketing,Company 75,Retail,"New York, United States",501-1000,Q3 — Retail & Manufacturing test,LINKEDIN,2026-07-24,yes,,
lead_0561,Chief Revenue Officer,Company 76,Financial Services,"Paris, Île-de-France, France",501-1000,Q3 — Retail & Manufacturing test,LINKEDIN,2026-06-17,yes,,
lead_0562,CEO,Company 77,Financial Services,"Lisbon, Portugal",51-200,Q3 — Retail & Manufacturing test,LINKEDIN,2026-07-26,no,yes,Meeting booked
lead_0563,Founder,Company 78,Business Consulting and Services,"London, England, United Kingdom",1-10,Q3 — Retail & Manufacturing test,LINKEDIN,2026-08-16,no,yes,Interested
lead_0564,Marketing Manager,Company 79,Retail,"New York, United States",501-1000,Q3 — Retail & Manufacturing test,LINKEDIN,2026-07-22,no,,
lead_0565,VP Marketing,Company 80,Business Consulting and Services,"Paris, Île-de-France, France",1001-5000,Q3 — Retail & Manufacturing test,LINKEDIN,2026-06-22,no,,
lead_0566,Chief Revenue Officer,Company 81,Financial Services,"London, England, United Kingdom",1001-5000,Q3 — Retail & Manufacturing test,LINKEDIN,2026-07-07,no,,
lead_0567,Marketing Manager,Company 82,Business Consulting and Services,"Amsterdam, Netherlands",1001-5000,Q3 — Retail & Manufacturing test,LINKEDIN,2026-07-07,no,,
lead_0568,COO,Company 83,Financial Services,"London, England, United Kingdom",11-50,Q3 — Retail & Manufacturing test,LINKEDIN,2026-07-12,no,,
lead_0569,SDR Manager,Company 84,Manufacturing,"New York, United States",501-1000,Q3 — Retail & Manufacturing test,LINKEDIN,2026-06-27,no,,
lead_0570,Founder & CEO,Company 85,Business Consulting and Services,"Madrid, Spain",1-10,Q3 — Retail & Manufacturing test,LINKEDIN,2026-06-11,yes,,
lead_0571,Responsable Commercial,Company 86,Manufacturing,"Berlin, Germany",1-10,Q3 — Retail & Manufacturing test,LINKEDIN,2026-07-26,yes,,
lead_0572,Head of Growth,Company 87,Financial Services,"Austin, Texas, United States",11-50,Q3 — Retail & Manufacturing test,LINKEDIN,2026-06-18,yes,,
lead_0573,GTM Engineer,Company 88,Manufacturing,"Amsterdam, Netherlands",501-1000,Q3 — Retail & Manufacturing test,LINKEDIN,2026-05-06,yes,,
lead_0574,Partnerships Manager,Company 89,Financial Services,"Lyon, France",51-200,Q3 — Retail & Manufacturing test,LINKEDIN,2026-08-08,no,,
lead_0575,Growth Marketer,Company 90,Financial Services,"Paris, Île-de-France, France",1-10,Q3 — Retail & Manufacturing test,LINKEDIN,2026-07-27,yes,yes,Meeting booked
lead_0576,GTM Engineer,Company 91,Financial Services,"Toronto, Canada",1-10,Q3 — Retail & Manufacturing test,LINKEDIN,2026-07-28,yes,,
lead_0577,Head of RevOps,Company 92,Financial Services,"Lisbon, Portugal",11-50,Q3 — Retail & Manufacturing test,LINKEDIN,2026-08-17,no,,
lead_0578,SDR,Company 93,Manufacturing,"London, England, United Kingdom",201-500,Q3 — Retail & Manufacturing test,LINKEDIN,2026-07-09,no,,
lead_0579,Sales Manager,Company 94,Financial Services,"Toronto, Canada",51-200,Q3 — Retail & Manufacturing test,LINKEDIN,2026-06-22,no,,
lead_0580,Marketing Manager,Company 95,Financial Services,"Amsterdam, Netherlands",11-50,Q3 — Retail & Manufacturing test,LINKEDIN,2026-05-15,no,,
lead_0581,Head of Growth,Company 96,Business Consulting and Services,"Madrid, Spain",11-50,Q3 — Retail & Manufacturing test,LINKEDIN,2026-05-07,no,,
lead_0582,Growth Marketer,Company 00,Manufacturing,"Amsterdam, Netherlands",51-200,Q3 — Retail & Manufacturing test,LINKEDIN,2026-07-22,no,,
lead_0583,Sales Manager,Company 01,Business Consulting and Services,"Paris, Île-de-France, France",1-10,Q3 — Retail & Manufacturing test,LINKEDIN,2026-07-05,no,,
lead_0584,Sales Director,Company 02,Financial Services,"Lyon, France",51-200,Q3 — Retail & Manufacturing test,LINKEDIN,2026-07-12,yes,,
lead_0585,CEO,Company 03,Financial Services,"Paris, Île-de-France, France",1001-5000,Q3 — Retail & Manufacturing test,LINKEDIN,2026-08-22,no,,
lead_0586,Growth Marketer,Company 04,Business Consulting and Services,"New York, United States",501-1000,Q3 — Retail & Manufacturing test,LINKEDIN,2026-08-08,no,,
lead_0587,VP Sales,Company 05,Business Consulting and Services,"Austin, Texas, United States",1001-5000,Q3 — Retail & Manufacturing test,LINKEDIN,2026-06-27,yes,,
lead_0588,Founder,Company 06,Retail,"Toronto, Canada",501-1000,Q3 — Retail & Manufacturing test,LINKEDIN,2026-07-24,no,yes,Not interested
lead_0589,Marketing Manager,Company 07,Retail,"New York, United States",11-50,Q3 — Retail & Manufacturing test,LINKEDIN,2026-06-09,no,,
lead_0590,COO,Company 08,Retail,"London, England, United Kingdom",1-10,Q3 — Retail & Manufacturing test,LINKEDIN,2026-06-05,no,yes,Meeting booked
lead_0591,Marketing Manager,Company 09,Business Consulting and Services,"Paris, Île-de-France, France",51-200,Q3 — Retail & Manufacturing test,LINKEDIN,2026-05-09,yes,yes,Not now
lead_0592,Responsable Commercial,Company 10,Business Consulting and Services,"Toronto, Canada",51-200,Q3 — Retail & Manufacturing test,LINKEDIN,2026-07-05,yes,,
lead_0593,Sales Manager,Company 11,Manufacturing,"Madrid, Spain",1001-5000,Q3 — Retail & Manufacturing test,LINKEDIN,2026-07-10,no,,
lead_0594,SDR Manager,Company 12,Retail,"Lyon, France",1-10,Q3 — Retail & Manufacturing test,LINKEDIN,2026-06-07,no,,
lead_0595,Marketing Manager,Company 13,Manufacturing,"London, England, United Kingdom",501-1000,Q3 — Retail & Manufacturing test,LINKEDIN,2026-08-16,no,,
lead_0596,GTM Engineer,Company 14,Manufacturing,"Lisbon, Portugal",1-10,Q3 — Retail & Manufacturing test,LINKEDIN,2026-06-25,yes,,
lead_0597,Vice President Growth,Company 15,Retail,"New York, United States",1-10,Q3 — Retail & Manufacturing test,LINKEDIN,2026-08-01,yes,,
lead_0598,Sales Director,Company 16,Manufacturing,"Austin, Texas, United States",11-50,Q3 — Retail & Manufacturing test,LINKEDIN,2026-08-09,yes,yes,Not now
lead_0599,VP Marketing,Company 17,Business Consulting and Services,"Lyon, France",1-10,Q3 — Retail & Manufacturing test,LINKEDIN,2026-06-03,yes,,
lead_0600,Chief Growth Officer,Company 18,Manufacturing,"Paris, Île-de-France, France",201-500,Q3 — Retail & Manufacturing test,LINKEDIN,2026-06-11,yes,,
lead_0601,Business Developer,Company 19,Financial Services,"Austin, Texas, United States",501-1000,Q3 — Retail & Manufacturing test,LINKEDIN,2026-05-04,no,,
lead_0602,Directrice Marketing,Company 20,Business Consulting and Services,"Toronto, Canada",1001-5000,Q3 — Retail & Manufacturing test,LINKEDIN,2026-06-15,yes,,
lead_0603,SDR Manager,Company 21,Business Consulting and Services,"Lisbon, Portugal",501-1000,Q3 — Retail & Manufacturing test,LINKEDIN,2026-08-11,no,,
lead_0604,CEO,Company 22,Business Consulting and Services,"Paris, Île-de-France, France",11-50,Q3 — Retail & Manufacturing test,LINKEDIN,2026-07-05,yes,,
lead_0605,Founder,Company 23,Retail,"Amsterdam, Netherlands",1001-5000,Q3 — Retail & Manufacturing test,LINKEDIN,2026-07-17,yes,,
lead_0606,Partnerships Manager,Company 24,Retail,"Austin, Texas, United States",1-10,Q3 — Retail & Manufacturing test,LINKEDIN,2026-08-05,no,,
lead_0607,CMO,Company 25,Financial Services,"New York, United States",11-50,Q3 — Retail & Manufacturing test,LINKEDIN,2026-06-13,no,,
lead_0608,Vice President Growth,Company 26,Manufacturing,"Toronto, Canada",201-500,Q3 — Retail & Manufacturing test,LINKEDIN,2026-05-03,yes,,
lead_0609,Head of Growth,Company 27,Manufacturing,"Austin, Texas, United States",501-1000,Q3 — Retail & Manufacturing test,LINKEDIN,2026-07-13,no,,
lead_0610,SDR Manager,Company 28,Financial Services,"Toronto, Canada",1-10,Q3 — Retail & Manufacturing test,LINKEDIN,2026-06-26,yes,,
lead_0611,Marketing Manager,Company 29,Manufacturing,"Amsterdam, Netherlands",501-1000,Q3 — Retail & Manufacturing test,LINKEDIN,2026-06-06,no,,
lead_0612,Responsable Commercial,Company 30,Retail,"New York, United States",1-10,Q3 — Retail & Manufacturing test,LINKEDIN,2026-07-12,yes,,
lead_0613,CMO,Company 31,Retail,"New York, United States",51-200,Q3 — Retail & Manufacturing test,LINKEDIN,2026-06-27,no,,
lead_0614,VP Marketing,Company 32,Business Consulting and Services,"Madrid, Spain",201-500,Q3 — Retail & Manufacturing test,LINKEDIN,2026-06-04,no,yes,Referral
lead_0615,Partnerships Manager,Company 33,Retail,"Berlin, Germany",1001-5000,Q3 — Retail & Manufacturing test,LINKEDIN,2026-06-27,yes,,
lead_0616,SVP Revenue,Company 34,Business Consulting and Services,"New York, United States",11-50,Q3 — Retail & Manufacturing test,LINKEDIN,2026-07-23,yes,,
lead_0617,Account Executive,Company 35,Manufacturing,"Berlin, Germany",51-200,Q3 — Retail & Manufacturing test,LINKEDIN,2026-08-28,no,,
lead_0618,Partnerships Manager,Company 36,Financial Services,"Lisbon, Portugal",51-200,Q3 — Retail & Manufacturing test,LINKEDIN,2026-07-26,no,,
lead_0619,VP Sales,Company 37,Retail,"London, England, United Kingdom",1-10,Q3 — Retail & Manufacturing test,LINKEDIN,2026-06-01,no,yes,Interested
lead_0620,Directrice Marketing,Company 38,Retail,"Lisbon, Portugal",11-50,Q3 — Retail & Manufacturing test,LINKEDIN,2026-08-13,yes,,
